/*
SQLyog Ultimate v12.4.0 (32 bit)
MySQL - 10.1.16-MariaDB : Database - outlier
*********************************************************************
*/

/*!40101 SET NAMES utf8 */;

/*!40101 SET SQL_MODE=''*/;

/*!40014 SET @OLD_UNIQUE_CHECKS=@@UNIQUE_CHECKS, UNIQUE_CHECKS=0 */;
/*!40014 SET @OLD_FOREIGN_KEY_CHECKS=@@FOREIGN_KEY_CHECKS, FOREIGN_KEY_CHECKS=0 */;
/*!40101 SET @OLD_SQL_MODE=@@SQL_MODE, SQL_MODE='NO_AUTO_VALUE_ON_ZERO' */;
/*!40111 SET @OLD_SQL_NOTES=@@SQL_NOTES, SQL_NOTES=0 */;
CREATE DATABASE /*!32312 IF NOT EXISTS*/`outlier` /*!40100 DEFAULT CHARACTER SET latin1 */;

USE `outlier`;

/*Table structure for table `data_latih` */

DROP TABLE IF EXISTS `data_latih`;

CREATE TABLE `data_latih` (
  `id` int(11) NOT NULL AUTO_INCREMENT,
  `id_mhs` int(11) NOT NULL,
  `id_periode` int(11) NOT NULL,
  `mk1` double DEFAULT NULL,
  `mk2` double DEFAULT NULL,
  `mk3` double DEFAULT NULL,
  `mk4` double DEFAULT NULL,
  `mk5` double DEFAULT NULL,
  `mk6` double DEFAULT NULL,
  `mk7` double DEFAULT NULL,
  `mk8` double DEFAULT NULL,
  `mk9` double DEFAULT NULL,
  `mk10` double DEFAULT NULL,
  `mk11` double DEFAULT NULL,
  `mk12` double DEFAULT NULL,
  `mk13` double DEFAULT NULL,
  `mk14` double DEFAULT NULL,
  `mk15` double DEFAULT NULL,
  PRIMARY KEY (`id`)
) ENGINE=InnoDB AUTO_INCREMENT=86 DEFAULT CHARSET=latin1;

/*Data for the table `data_latih` */

insert  into `data_latih`(`id`,`id_mhs`,`id_periode`,`mk1`,`mk2`,`mk3`,`mk4`,`mk5`,`mk6`,`mk7`,`mk8`,`mk9`,`mk10`,`mk11`,`mk12`,`mk13`,`mk14`,`mk15`) values 
(1,1,1,9,7,10.5,10.5,7.5,10.5,3,10.5,8,12,10.5,10.5,7.5,7.5,3),
(2,2,1,10.5,8,7.5,6,12,7.5,3.5,10.5,8,12,9,10.5,7.5,7.5,3.5),
(3,3,1,10.5,8,9,6,12,7.5,3.5,10.5,8,10.5,10.5,10.5,7.5,10.5,4),
(4,4,1,10.5,7,9,10.5,9,9,3.5,10.5,7,12,10.5,10.5,10.5,7.5,2.5),
(5,5,1,9,7,7.5,0,7.5,7.5,3,10.5,8,10.5,7.5,9,7.5,7.5,3),
(6,6,1,10.5,8,12,10.5,12,7.5,2.5,12,8,10.5,12,12,12,10.5,4),
(7,7,1,10.5,8,12,7.5,10.5,10.5,2.5,12,8,12,10.5,10.5,12,7.5,4),
(8,8,1,10.5,8,7.5,6,12,7.5,2.5,12,8,10.5,9,10.5,9,7.5,3.5),
(9,9,1,10.5,8,12,6,12,7.5,3.5,10.5,7,12,9,10.5,7.5,7.5,3.5),
(10,10,1,7.5,8,12,10.5,12,10.5,4,12,8,12,12,12,10.5,10.5,4),
(11,11,1,10.5,8,12,9,9,10.5,4,12,8,10.5,12,12,12,7.5,3.5),
(12,12,1,10.5,8,12,6,9,10.5,3.5,12,8,12,12,10.5,7.5,7.5,4),
(13,13,1,10.5,8,12,7.5,9,10.5,3.5,10.5,7,10.5,12,10.5,7.5,7.5,3.5),
(14,14,1,7.5,7,12,12,10.5,10.5,3.5,10.5,8,10.5,12,9,12,7.5,3.5),
(15,15,1,10.5,7,12,10.5,10.5,10.5,3.5,12,8,12,12,10.5,10.5,7.5,4),
(16,16,1,9,8,12,7.5,9,10.5,3,12,8,12,12,9,10.5,7.5,3),
(17,17,1,10.5,7,12,6,9,10.5,3,9,7,12,12,10.5,3,7.5,3),
(18,18,1,7.5,8,12,6,9,10.5,3.5,12,7,12,12,10.5,9,7.5,4),
(19,19,1,10.5,8,12,6,9,10.5,3.5,12,8,12,12,9,6,7.5,4),
(20,20,1,9,8,9,10.5,9,10.5,3.5,10.5,8,10.5,12,10.5,9,7.5,4),
(21,21,1,10.5,8,12,9,9,10.5,3,12,7,12,12,10.5,7.5,7.5,4),
(22,22,1,10.5,8,12,10.5,12,12,4,12,8,12,12,10.5,12,9,4),
(23,23,1,9,3,12,7.5,9,10.5,3.5,12,8,10.5,10.5,10.5,9,7.5,4),
(24,24,1,10.5,7,10.5,7.5,9,10.5,3.5,10.5,7,10.5,12,10.5,7.5,7.5,4),
(25,25,1,10.5,8,12,6,10.5,10.5,4,10.5,8,10.5,12,10.5,10.5,10.5,3.5),
(26,26,1,9,8,12,6,9,10.5,3.5,12,8,12,12,10.5,10.5,7.5,4),
(27,27,1,10.5,8,12,9,9,10.5,2,10.5,7,10.5,12,10.5,10.5,7.5,4),
(28,28,1,12,8,12,9,12,7.5,3.5,12,8,12,10.5,12,10.5,10.5,4),
(29,29,1,10.5,8,7.5,6,10.5,7.5,3,12,8,10.5,9,10.5,9,9,3),
(30,30,1,10.5,8,12,12,12,9,3.5,10.5,8,12,10.5,10.5,9,7.5,2.5),
(31,31,1,10.5,7,12,12,12,12,3.5,12,8,12,12,12,12,7.5,3),
(32,32,1,9,8,12,12,12,12,3.5,12,8,12,12,12,10.5,7.5,4),
(33,33,1,9,7,10.5,7.5,10.5,10.5,3.5,12,7,12,10.5,10.5,10.5,7.5,3.5),
(34,34,1,10.5,7,10.5,10.5,10.5,10.5,3.5,12,8,12,10.5,10.5,9,7.5,2.5),
(35,35,1,9,8,10.5,12,12,10.5,3,10.5,8,12,12,10.5,10.5,7.5,3),
(36,36,1,10.5,7,12,9,12,10.5,2,10.5,8,12,10.5,10.5,10.5,7.5,2.5),
(37,37,1,10.5,8,12,12,12,10.5,3.5,12,8,10.5,12,12,10.5,10.5,4),
(38,38,1,10.5,8,12,12,12,10.5,4,12,8,10.5,12,12,10.5,10.5,4),
(39,39,1,9,7,10.5,12,9,10.5,3,10.5,8,10.5,12,10.5,10.5,7.5,4),
(40,40,1,7.5,7,10.5,10.5,10.5,10.5,3.5,10.5,8,10.5,10.5,10.5,9,7.5,4),
(41,41,1,10.5,7,12,10.5,12,10.5,3.5,12,8,12,12,12,12,10.5,4),
(42,42,1,10.5,7,12,10.5,12,10.5,3.5,10.5,8,12,10.5,10.5,10.5,9,4),
(43,43,1,10.5,7,12,10.5,12,10.5,3.5,12,8,12,12,10.5,12,7.5,4),
(44,44,1,9,7,10.5,10.5,10.5,10.5,4,10.5,7,9,10.5,10.5,7.5,7.5,3.5),
(45,45,1,10.5,8,12,10.5,10.5,10.5,3.5,12,8,9,12,12,12,7.5,4),
(46,46,1,10.5,8,12,12,10.5,10.5,2,12,8,9,10.5,12,12,10.5,4),
(47,47,1,9,8,12,7.5,10.5,10.5,3,12,8,12,12,10.5,10.5,9,4),
(48,48,1,12,8,12,12,12,10.5,3.5,12,8,12,12,12,12,9,4),
(49,49,1,10.5,6,12,12,10.5,10.5,3.5,10.5,7,10.5,12,10.5,10.5,7.5,4),
(50,50,1,9,8,10.5,6,9,10.5,1,10.5,7,10.5,12,10.5,9,7.5,3),
(51,51,1,10.5,8,12,7.5,9,10.5,3.5,10.5,8,10.5,12,10.5,12,7.5,3.5),
(52,52,1,7.5,8,10.5,10.5,9,10.5,3,12,8,10.5,12,10.5,10.5,7.5,3.5),
(53,53,1,12,7,12,9,12,7.5,3.5,12,8,10.5,10.5,12,10.5,10.5,4),
(54,54,1,10.5,7,10.5,7.5,12,7.5,4,12,8,10.5,10.5,10.5,9,10.5,3),
(55,55,1,10.5,8,9,9,12,7.5,3.5,12,8,12,10.5,10.5,10.5,10.5,4),
(56,56,1,12,8,12,10.5,12,7.5,3.5,12,8,12,12,12,10.5,10.5,3.5),
(57,57,1,10.5,8,7.5,6,10.5,7.5,4,10.5,8,12,9,12,9,10.5,3.5),
(58,58,1,9,8,12,7.5,9,10.5,4,10.5,7,12,12,12,9,7.5,4),
(59,59,1,10.5,7,12,9,10.5,10.5,2.5,12,7,9,12,10.5,9,10.5,4),
(60,60,1,10.5,8,12,6,10.5,10.5,3.5,12,8,10.5,12,12,10.5,7.5,3.5),
(61,61,1,10.5,7,12,9,10.5,10.5,2.5,10.5,8,9,12,10.5,12,9,4),
(62,62,1,10.5,8,12,10.5,9,10.5,4,12,8,12,12,10.5,10.5,7.5,4),
(63,63,1,10.5,8,12,10.5,12,7.5,4,10.5,8,12,10.5,12,10.5,10.5,4),
(64,64,1,10.5,8,12,6,9,10.5,4,12,8,10.5,7.5,10.5,7.5,7.5,2.5),
(65,65,1,10.5,8,10.5,7.5,12,7.5,4,12,8,10.5,10.5,10.5,10.5,10.5,4),
(66,66,1,10.5,8,9,7.5,9,10.5,3.5,10.5,8,12,12,10.5,6,9,4),
(67,67,1,10.5,8,10.5,6,10.5,7.5,3.5,10.5,7,12,9,12,9,7.5,4),
(68,68,1,10.5,7,10.5,9,12,7.5,4,12,7,10.5,9,10.5,10.5,9,4),
(69,69,1,10.5,7,7.5,9,12,7.5,3.5,10.5,8,9,9,10.5,9,9,3),
(70,70,1,10.5,8,9,9,12,7.5,3.5,10.5,7,9,7.5,9,6,9,3.5),
(71,71,1,10.5,8,10.5,7.5,12,7.5,3.5,12,8,12,9,12,9,7.5,3.5),
(72,72,1,10.5,8,12,10.5,12,7.5,3.5,12,8,10.5,7.5,12,10.5,9,4),
(73,73,1,10.5,8,10.5,12,12,7.5,3.5,12,8,12,9,12,10.5,9,4),
(74,74,1,10.5,8,10.5,6,12,7.5,3.5,12,8,9,7.5,10.5,10.5,12,3),
(75,75,1,10.5,8,10.5,9,12,7.5,3.5,10.5,8,9,6,12,9,10.5,4),
(76,76,1,10.5,8,10.5,7.5,12,7.5,3.5,12,8,9,9,12,10.5,7.5,4),
(77,77,1,10.5,0,7.5,6,12,7.5,4,10.5,8,9,6,12,9,7.5,2.5),
(78,78,1,10.5,8,12,7.5,12,7.5,3.5,12,8,9,10.5,10.5,10.5,9,4),
(79,79,1,10.5,8,9,6,10.5,7.5,3.5,10.5,8,9,7.5,10.5,10.5,9,3),
(80,80,1,10.5,8,10.5,7.5,12,7.5,4,10.5,8,10.5,10.5,9,10.5,12,4),
(81,81,1,10.5,8,12,10.5,12,7.5,3.5,10.5,8,10.5,7.5,9,10.5,10.5,3.5),
(82,82,1,10.5,7,12,10.5,12,10.5,3,12,8,10.5,10.5,12,10.5,7.5,4),
(83,83,1,7.5,8,12,6,9,10.5,2,10.5,7,10.5,10.5,10.5,6,7.5,3),
(84,84,1,9,8,12,9,12,10.5,3.5,10.5,8,9,10.5,10.5,10.5,7.5,4),
(85,85,1,10.5,7,9,6,12,7.5,3.5,10.5,8,7.5,7.5,9,10.5,12,3);

/*Table structure for table `dosen` */

DROP TABLE IF EXISTS `dosen`;

CREATE TABLE `dosen` (
  `id_dosen` int(11) NOT NULL AUTO_INCREMENT,
  `nid` int(11) DEFAULT NULL,
  `nama` varchar(30) DEFAULT NULL,
  `id_login` int(11) NOT NULL DEFAULT '0',
  PRIMARY KEY (`id_dosen`)
) ENGINE=InnoDB AUTO_INCREMENT=16 DEFAULT CHARSET=latin1;

/*Data for the table `dosen` */

insert  into `dosen`(`id_dosen`,`nid`,`nama`,`id_login`) values 
(1,1,'Misbah',90),
(2,2,'Misbach',90),
(3,3,'Hendra',91),
(4,4,'Tri',100),
(5,5,'Umi',101),
(6,6,'Jazuli',102),
(7,7,'Jazuli',103),
(8,8,'Agustin',104),
(9,9,'Misbach',105),
(10,10,'Harun',106),
(11,11,'Tri',107),
(12,12,'Jazuli',108),
(13,13,'Tri',109),
(14,14,'Utomo Pujianto',110),
(15,15,'Utomo Pujianto',111);

/*Table structure for table `dosen_mk` */

DROP TABLE IF EXISTS `dosen_mk`;

CREATE TABLE `dosen_mk` (
  `id_dosen_mk` int(2) NOT NULL AUTO_INCREMENT,
  `id_dosen` int(3) DEFAULT NULL,
  `id_mk` int(5) DEFAULT NULL,
  `id_periode` int(4) DEFAULT NULL,
  PRIMARY KEY (`id_dosen_mk`)
) ENGINE=InnoDB AUTO_INCREMENT=16 DEFAULT CHARSET=latin1;

/*Data for the table `dosen_mk` */

insert  into `dosen_mk`(`id_dosen_mk`,`id_dosen`,`id_mk`,`id_periode`) values 
(1,1,1,1),
(2,2,2,1),
(3,3,3,1),
(4,4,4,1),
(5,5,5,1),
(6,6,6,1),
(7,7,7,1),
(8,8,8,1),
(9,9,9,1),
(10,10,10,1),
(11,11,11,1),
(12,12,12,1),
(13,13,13,1),
(14,14,14,1),
(15,15,15,1);

/*Table structure for table `jarak` */

DROP TABLE IF EXISTS `jarak`;

CREATE TABLE `jarak` (
  `id` int(11) NOT NULL AUTO_INCREMENT,
  `column` int(11) DEFAULT NULL,
  `row` int(11) DEFAULT NULL,
  `jarak` double DEFAULT NULL,
  PRIMARY KEY (`id`)
) ENGINE=InnoDB AUTO_INCREMENT=7226 DEFAULT CHARSET=latin1;

/*Data for the table `jarak` */

insert  into `jarak`(`id`,`column`,`row`,`jarak`) values 
(1,0,0,0),
(2,0,1,20),
(3,0,2,22),
(4,0,3,11),
(5,0,4,22.5),
(6,0,5,26.5),
(7,0,6,17.5),
(8,0,7,24.5),
(9,0,8,19.5),
(10,0,9,21),
(11,0,10,19),
(12,0,11,14.5),
(13,0,12,13.5),
(14,0,13,17.5),
(15,0,14,13.5),
(16,0,15,14.5),
(17,0,16,17.5),
(18,0,17,17),
(19,0,18,17.5),
(20,0,19,10),
(21,0,20,12),
(22,0,21,21),
(23,0,22,16),
(24,0,23,11.5),
(25,0,24,22),
(26,0,25,16),
(27,0,26,16),
(28,0,27,25),
(29,0,28,23.5),
(30,0,29,14),
(31,0,30,20),
(32,0,31,19),
(33,0,32,12.5),
(34,0,33,8.5),
(35,0,34,11.5),
(36,0,35,13.5),
(37,0,36,23.5),
(38,0,37,24),
(39,0,38,10),
(40,0,39,9),
(41,0,40,21),
(42,0,41,13.5),
(43,0,42,16.5),
(44,0,43,8.5),
(45,0,44,20.5),
(46,0,45,24),
(47,0,46,17),
(48,0,47,23.5),
(49,0,48,17),
(50,0,49,14.5),
(51,0,50,17),
(52,0,51,12),
(53,0,52,25.5),
(54,0,53,20.5),
(55,0,54,22),
(56,0,55,24.5),
(57,0,56,25),
(58,0,57,14.5),
(59,0,58,20.5),
(60,0,59,21.5),
(61,0,60,19.5),
(62,0,61,13.5),
(63,0,62,21),
(64,0,63,17.5),
(65,0,64,24),
(66,0,65,14.5),
(67,0,66,20),
(68,0,67,22.5),
(69,0,68,21.5),
(70,0,69,25.5),
(71,0,70,20),
(72,0,71,25),
(73,0,72,22),
(74,0,73,30),
(75,0,74,26.5),
(76,0,75,25),
(77,0,76,35.5),
(78,0,77,25),
(79,0,78,25.5),
(80,0,79,25.5),
(81,0,80,24.5),
(82,0,81,16),
(83,0,82,15),
(84,0,83,16),
(85,0,84,32),
(86,1,0,20),
(87,1,1,0),
(88,1,2,8),
(89,1,3,18),
(90,1,4,18.5),
(91,1,5,25.5),
(92,1,6,19.5),
(93,1,7,5.5),
(94,1,8,5.5),
(95,1,9,28),
(96,1,10,26),
(97,1,11,15.5),
(98,1,12,17.5),
(99,1,13,29.5),
(100,1,14,22.5),
(101,1,15,23.5),
(102,1,16,22.5),
(103,1,17,21),
(104,1,18,18.5),
(105,1,19,20),
(106,1,20,20),
(107,1,21,25),
(108,1,22,25),
(109,1,23,17.5),
(110,1,24,20),
(111,1,25,20),
(112,1,26,24),
(113,1,27,20),
(114,1,28,8.5),
(115,1,29,16),
(116,1,30,27),
(117,1,31,26),
(118,1,32,18.5),
(119,1,33,18.5),
(120,1,34,20.5),
(121,1,35,18.5),
(122,1,36,27.5),
(123,1,37,28),
(124,1,38,26),
(125,1,39,21),
(126,1,40,27),
(127,1,41,19.5),
(128,1,42,22.5),
(129,1,43,20.5),
(130,1,44,27.5),
(131,1,45,32),
(132,1,46,22),
(133,1,47,27.5),
(134,1,48,26),
(135,1,49,20.5),
(136,1,50,21),
(137,1,51,26),
(138,1,52,22.5),
(139,1,53,15.5),
(140,1,54,14),
(141,1,55,22.5),
(142,1,56,8),
(143,1,57,21.5),
(144,1,58,27.5),
(145,1,59,19.5),
(146,1,60,26.5),
(147,1,61,23.5),
(148,1,62,19),
(149,1,63,16.5),
(150,1,64,16),
(151,1,65,15.5),
(152,1,66,9),
(153,1,67,16.5),
(154,1,68,10.5),
(155,1,69,14.5),
(156,1,70,9),
(157,1,71,20),
(158,1,72,17),
(159,1,73,17),
(160,1,74,18.5),
(161,1,75,14),
(162,1,76,18.5),
(163,1,77,17),
(164,1,78,12.5),
(165,1,79,17.5),
(166,1,80,19.5),
(167,1,81,23),
(168,1,82,21),
(169,1,83,20),
(170,1,84,18),
(171,2,0,22),
(172,2,1,8),
(173,2,2,0),
(174,2,3,20),
(175,2,4,23.5),
(176,2,5,17.5),
(177,2,6,20.5),
(178,2,7,10.5),
(179,2,8,10.5),
(180,2,9,23),
(181,2,10,25),
(182,2,11,16.5),
(183,2,12,16.5),
(184,2,13,28.5),
(185,2,14,23.5),
(186,2,15,25.5),
(187,2,16,24.5),
(188,2,17,22),
(189,2,18,19.5),
(190,2,19,18),
(191,2,20,21),
(192,2,21,23),
(193,2,22,23),
(194,2,23,15.5),
(195,2,24,13),
(196,2,25,21),
(197,2,26,22),
(198,2,27,15),
(199,2,28,10.5),
(200,2,29,18),
(201,2,30,29),
(202,2,31,27),
(203,2,32,20.5),
(204,2,33,20.5),
(205,2,34,22.5),
(206,2,35,20.5),
(207,2,36,19.5),
(208,2,37,20),
(209,2,38,24),
(210,2,39,19),
(211,2,40,22),
(212,2,41,17.5),
(213,2,42,23.5),
(214,2,43,19.5),
(215,2,44,25.5),
(216,2,45,24),
(217,2,46,20),
(218,2,47,25.5),
(219,2,48,24),
(220,2,49,19.5),
(221,2,50,20),
(222,2,51,25),
(223,2,52,14.5),
(224,2,53,8.5),
(225,2,54,9),
(226,2,55,18.5),
(227,2,56,10),
(228,2,57,22.5),
(229,2,58,19.5),
(230,2,59,18.5),
(231,2,60,21.5),
(232,2,61,24.5),
(233,2,62,14),
(234,2,63,18.5),
(235,2,64,8),
(236,2,65,13.5),
(237,2,66,13),
(238,2,67,14.5),
(239,2,68,12.5),
(240,2,69,13.5),
(241,2,70,14),
(242,2,71,18),
(243,2,72,18),
(244,2,73,13),
(245,2,74,13.5),
(246,2,75,15),
(247,2,76,23.5),
(248,2,77,12),
(249,2,78,11.5),
(250,2,79,9.5),
(251,2,80,15.5),
(252,2,81,21),
(253,2,82,20),
(254,2,83,18),
(255,2,84,14),
(256,3,0,11),
(257,3,1,18),
(258,3,2,20),
(259,3,3,0),
(260,3,4,27.5),
(261,3,5,22.5),
(262,3,6,16.5),
(263,3,7,20.5),
(264,3,8,18.5),
(265,3,9,22),
(266,3,10,17),
(267,3,11,18.5),
(268,3,12,15.5),
(269,3,13,18.5),
(270,3,14,11.5),
(271,3,15,16.5),
(272,3,16,20.5),
(273,3,17,19),
(274,3,18,21.5),
(275,3,19,11),
(276,3,20,15),
(277,3,21,19),
(278,3,22,20),
(279,3,23,13.5),
(280,3,24,20),
(281,3,25,17),
(282,3,26,13),
(283,3,27,20),
(284,3,28,19.5),
(285,3,29,11),
(286,3,30,18),
(287,3,31,20),
(288,3,32,11.5),
(289,3,33,8.5),
(290,3,34,13.5),
(291,3,35,11.5),
(292,3,36,21.5),
(293,3,37,22),
(294,3,38,12),
(295,3,39,13),
(296,3,40,19),
(297,3,41,11.5),
(298,3,42,14.5),
(299,3,43,13.5),
(300,3,44,18.5),
(301,3,45,23),
(302,3,46,19),
(303,3,47,21.5),
(304,3,48,13),
(305,3,49,17.5),
(306,3,50,15),
(307,3,51,14),
(308,3,52,20.5),
(309,3,53,18.5),
(310,3,54,14),
(311,3,55,19.5),
(312,3,56,20),
(313,3,57,16.5),
(314,3,58,20.5),
(315,3,59,19.5),
(316,3,60,18.5),
(317,3,61,11.5),
(318,3,62,16),
(319,3,63,20.5),
(320,3,64,19),
(321,3,65,15.5),
(322,3,66,16),
(323,3,67,15.5),
(324,3,68,16.5),
(325,3,69,21.5),
(326,3,70,18),
(327,3,71,20),
(328,3,72,17),
(329,3,73,25),
(330,3,74,24.5),
(331,3,75,20),
(332,3,76,29.5),
(333,3,77,20),
(334,3,78,17.5),
(335,3,79,20.5),
(336,3,80,19.5),
(337,3,81,15),
(338,3,82,21),
(339,3,83,17),
(340,3,84,24),
(341,4,0,22.5),
(342,4,1,18.5),
(343,4,2,23.5),
(344,4,3,27.5),
(345,4,4,0),
(346,4,5,40),
(347,4,6,34),
(348,4,7,20),
(349,4,8,24),
(350,4,9,43.5),
(351,4,10,35.5),
(352,4,11,28),
(353,4,12,27),
(354,4,13,34),
(355,4,14,36),
(356,4,15,28),
(357,4,16,31),
(358,4,17,30.5),
(359,4,18,28),
(360,4,19,26.5),
(361,4,20,31.5),
(362,4,21,43.5),
(363,4,22,29.5),
(364,4,23,25),
(365,4,24,32.5),
(366,4,25,29.5),
(367,4,26,32.5),
(368,4,27,38.5),
(369,4,28,19),
(370,4,29,33.5),
(371,4,30,42.5),
(372,4,31,41.5),
(373,4,32,29),
(374,4,33,31),
(375,4,34,34),
(376,4,35,33),
(377,4,36,43),
(378,4,37,43.5),
(379,4,38,29.5),
(380,4,39,28.5),
(381,4,40,43.5),
(382,4,41,36),
(383,4,42,39),
(384,4,43,28),
(385,4,44,40),
(386,4,45,43.5),
(387,4,46,33.5),
(388,4,47,46),
(389,4,48,36.5),
(390,4,49,25),
(391,4,50,30.5),
(392,4,51,31.5),
(393,4,52,36),
(394,4,53,28),
(395,4,54,32.5),
(396,4,55,41),
(397,4,56,23.5),
(398,4,57,31),
(399,4,58,37),
(400,4,59,32),
(401,4,60,36),
(402,4,61,36),
(403,4,62,37.5),
(404,4,63,22),
(405,4,64,31.5),
(406,4,65,28),
(407,4,66,24.5),
(408,4,67,30),
(409,4,68,23),
(410,4,69,24),
(411,4,70,27.5),
(412,4,71,32.5),
(413,4,72,35.5),
(414,4,73,28.5),
(415,4,74,31),
(416,4,75,29.5),
(417,4,76,28),
(418,4,77,32.5),
(419,4,78,21),
(420,4,79,30),
(421,4,80,29),
(422,4,81,35.5),
(423,4,82,25.5),
(424,4,83,32.5),
(425,4,84,24.5),
(426,5,0,26.5),
(427,5,1,25.5),
(428,5,2,17.5),
(429,5,3,22.5),
(430,5,4,40),
(431,5,5,0),
(432,5,6,15),
(433,5,7,20),
(434,5,8,22),
(435,5,9,10.5),
(436,5,10,12.5),
(437,5,11,22),
(438,5,12,22),
(439,5,13,19),
(440,5,14,14),
(441,5,15,21),
(442,5,16,32),
(443,5,17,24.5),
(444,5,18,25),
(445,5,19,20.5),
(446,5,20,19.5),
(447,5,21,10.5),
(448,5,22,25.5),
(449,5,23,24),
(450,5,24,15.5),
(451,5,25,20.5),
(452,5,26,16.5),
(453,5,27,8.5),
(454,5,28,21),
(455,5,29,17.5),
(456,5,30,13.5),
(457,5,31,14.5),
(458,5,32,23),
(459,5,33,20),
(460,5,34,18),
(461,5,35,18),
(462,5,36,7),
(463,5,37,7.5),
(464,5,38,19.5),
(465,5,39,21.5),
(466,5,40,6.5),
(467,5,41,14),
(468,5,42,11),
(469,5,43,25),
(470,5,44,10),
(471,5,45,9.5),
(472,5,46,15.5),
(473,5,47,10),
(474,5,48,17.5),
(475,5,49,26),
(476,5,50,16.5),
(477,5,51,17.5),
(478,5,52,8),
(479,5,53,14),
(480,5,54,11.5),
(481,5,55,6),
(482,5,56,21.5),
(483,5,57,22),
(484,5,58,14),
(485,5,59,15),
(486,5,60,13),
(487,5,61,15),
(488,5,62,7.5),
(489,5,63,27),
(490,5,64,10.5),
(491,5,65,25),
(492,5,66,21.5),
(493,5,67,14),
(494,5,68,21),
(495,5,69,25),
(496,5,70,16.5),
(497,5,71,8.5),
(498,5,72,11.5),
(499,5,73,18.5),
(500,5,74,16),
(501,5,75,14.5),
(502,5,76,35),
(503,5,77,11.5),
(504,5,78,23),
(505,5,79,15),
(506,5,80,12),
(507,5,81,10.5),
(508,5,82,29.5),
(509,5,83,17.5),
(510,5,84,25.5),
(511,6,0,17.5),
(512,6,1,19.5),
(513,6,2,20.5),
(514,6,3,16.5),
(515,6,4,34),
(516,6,5,15),
(517,6,6,0),
(518,6,7,17),
(519,6,8,16),
(520,6,9,16.5),
(521,6,10,9.5),
(522,6,11,10),
(523,6,12,13),
(524,6,13,16),
(525,6,14,8),
(526,6,15,9),
(527,6,16,20),
(528,6,17,12.5),
(529,6,18,13),
(530,6,19,17.5),
(531,6,20,10.5),
(532,6,21,10.5),
(533,6,22,13.5),
(534,6,23,15),
(535,6,24,12.5),
(536,6,25,8.5),
(537,6,26,10.5),
(538,6,27,14.5),
(539,6,28,18),
(540,6,29,14.5),
(541,6,30,13.5),
(542,6,31,14.5),
(543,6,32,8),
(544,6,33,11),
(545,6,34,15),
(546,6,35,9),
(547,6,36,16),
(548,6,37,16.5),
(549,6,38,16.5),
(550,6,39,15.5),
(551,6,40,12.5),
(552,6,41,11),
(553,6,42,8),
(554,6,43,19),
(555,6,44,10),
(556,6,45,12.5),
(557,6,46,6.5),
(558,6,47,13),
(559,6,48,14.5),
(560,6,49,17),
(561,6,50,7.5),
(562,6,51,14.5),
(563,6,52,17),
(564,6,53,17),
(565,6,54,14.5),
(566,6,55,18),
(567,6,56,21.5),
(568,6,57,13),
(569,6,58,14),
(570,6,59,9),
(571,6,60,10),
(572,6,61,9),
(573,6,62,16.5),
(574,6,63,15),
(575,6,64,13.5),
(576,6,65,16),
(577,6,66,15.5),
(578,6,67,17),
(579,6,68,24),
(580,6,69,28),
(581,6,70,13.5),
(582,6,71,17.5),
(583,6,72,17.5),
(584,6,73,21.5),
(585,6,74,25),
(586,6,75,14.5),
(587,6,76,35),
(588,6,77,11.5),
(589,6,78,20),
(590,6,79,18),
(591,6,80,21),
(592,6,81,10.5),
(593,6,82,17.5),
(594,6,83,11.5),
(595,6,84,28.5),
(596,7,0,24.5),
(597,7,1,5.5),
(598,7,2,10.5),
(599,7,3,20.5),
(600,7,4,20),
(601,7,5,20),
(602,7,6,17),
(603,7,7,0),
(604,7,8,11),
(605,7,9,27.5),
(606,7,10,22.5),
(607,7,11,18),
(608,7,12,20),
(609,7,13,29),
(610,7,14,22),
(611,7,15,22),
(612,7,16,27),
(613,7,17,20.5),
(614,7,18,21),
(615,7,19,19.5),
(616,7,20,21.5),
(617,7,21,24.5),
(618,7,22,21.5),
(619,7,23,20),
(620,7,24,19.5),
(621,7,25,19.5),
(622,7,26,21.5),
(623,7,27,19.5),
(624,7,28,4),
(625,7,29,18.5),
(626,7,30,26.5),
(627,7,31,25.5),
(628,7,32,18),
(629,7,33,18),
(630,7,34,22),
(631,7,35,19),
(632,7,36,24),
(633,7,37,24.5),
(634,7,38,24.5),
(635,7,39,20.5),
(636,7,40,26.5),
(637,7,41,22),
(638,7,42,22),
(639,7,43,23),
(640,7,44,24),
(641,7,45,26.5),
(642,7,46,20.5),
(643,7,47,27),
(644,7,48,25.5),
(645,7,49,18),
(646,7,50,20.5),
(647,7,51,21.5),
(648,7,52,19),
(649,7,53,12),
(650,7,54,13.5),
(651,7,55,22),
(652,7,56,10.5),
(653,7,57,24),
(654,7,58,22),
(655,7,59,16),
(656,7,60,24),
(657,7,61,23),
(658,7,62,21.5),
(659,7,63,16),
(660,7,64,12.5),
(661,7,65,21),
(662,7,66,11.5),
(663,7,67,13),
(664,7,68,10),
(665,7,69,17),
(666,7,70,8.5),
(667,7,71,16.5),
(668,7,72,16.5),
(669,7,73,13.5),
(670,7,74,18),
(671,7,75,10.5),
(672,7,76,18),
(673,7,77,13.5),
(674,7,78,12),
(675,7,79,17),
(676,7,80,19),
(677,7,81,18.5),
(678,7,82,21.5),
(679,7,83,19.5),
(680,7,84,17.5),
(681,8,0,19.5),
(682,8,1,5.5),
(683,8,2,10.5),
(684,8,3,18.5),
(685,8,4,24),
(686,8,5,22),
(687,8,6,16),
(688,8,7,11),
(689,8,8,0),
(690,8,9,24.5),
(691,8,10,22.5),
(692,8,11,12),
(693,8,12,12),
(694,8,13,26),
(695,8,14,19),
(696,8,15,20),
(697,8,16,17),
(698,8,17,15.5),
(699,8,18,15),
(700,8,19,22.5),
(701,8,20,14.5),
(702,8,21,21.5),
(703,8,22,21.5),
(704,8,23,15),
(705,8,24,16.5),
(706,8,25,16.5),
(707,8,26,18.5),
(708,8,27,16.5),
(709,8,28,14),
(710,8,29,12.5),
(711,8,30,23.5),
(712,8,31,22.5),
(713,8,32,16),
(714,8,33,18),
(715,8,34,20),
(716,8,35,15),
(717,8,36,24),
(718,8,37,24.5),
(719,8,38,25.5),
(720,8,39,20.5),
(721,8,40,23.5),
(722,8,41,16),
(723,8,42,19),
(724,8,43,18),
(725,8,44,24),
(726,8,45,28.5),
(727,8,46,18.5),
(728,8,47,24),
(729,8,48,20.5),
(730,8,49,18),
(731,8,50,17.5),
(732,8,51,25.5),
(733,8,52,19),
(734,8,53,15),
(735,8,54,16.5),
(736,8,55,19),
(737,8,56,13.5),
(738,8,57,16),
(739,8,58,22),
(740,8,59,16),
(741,8,60,23),
(742,8,61,20),
(743,8,62,15.5),
(744,8,63,13),
(745,8,64,15.5),
(746,8,65,18),
(747,8,66,6.5),
(748,8,67,14),
(749,8,68,16),
(750,8,69,15),
(751,8,70,8.5),
(752,8,71,16.5),
(753,8,72,16.5),
(754,8,73,16.5),
(755,8,74,18),
(756,8,75,13.5),
(757,8,76,24),
(758,8,77,13.5),
(759,8,78,15),
(760,8,79,17),
(761,8,80,16),
(762,8,81,19.5),
(763,8,82,15.5),
(764,8,83,16.5),
(765,8,84,20.5),
(766,9,0,21),
(767,9,1,28),
(768,9,2,23),
(769,9,3,22),
(770,9,4,43.5),
(771,9,5,10.5),
(772,9,6,16.5),
(773,9,7,27.5),
(774,9,8,24.5),
(775,9,9,0),
(776,9,10,14),
(777,9,11,18.5),
(778,9,12,21.5),
(779,9,13,15.5),
(780,9,14,10.5),
(781,9,15,15.5),
(782,9,16,29.5),
(783,9,17,15),
(784,9,18,21.5),
(785,9,19,17),
(786,9,20,17),
(787,9,21,9),
(788,9,22,22),
(789,9,23,23.5),
(790,9,24,14),
(791,9,25,14),
(792,9,26,18),
(793,9,27,11),
(794,9,28,27.5),
(795,9,29,17),
(796,9,30,13),
(797,9,31,8),
(798,9,32,16.5),
(799,9,33,16.5),
(800,9,34,12.5),
(801,9,35,16.5),
(802,9,36,6.5),
(803,9,37,6),
(804,9,38,17),
(805,9,39,15),
(806,9,40,6),
(807,9,41,10.5),
(808,9,42,10.5),
(809,9,43,20.5),
(810,9,44,12.5),
(811,9,45,14),
(812,9,46,10),
(813,9,47,9.5),
(814,9,48,17),
(815,9,49,24.5),
(816,9,50,19),
(817,9,51,12),
(818,9,52,13.5),
(819,9,53,18.5),
(820,9,54,14),
(821,9,55,8.5),
(822,9,56,23),
(823,9,57,14.5),
(824,9,58,15.5),
(825,9,59,14.5),
(826,9,60,17.5),
(827,9,61,10.5),
(828,9,62,9),
(829,9,63,25.5),
(830,9,64,15),
(831,9,65,21.5),
(832,9,66,24),
(833,9,67,18.5),
(834,9,68,26.5),
(835,9,69,30.5),
(836,9,70,19),
(837,9,71,14),
(838,9,72,14),
(839,9,73,24),
(840,9,74,21.5),
(841,9,75,20),
(842,9,76,39.5),
(843,9,77,17),
(844,9,78,28.5),
(845,9,79,19.5),
(846,9,80,17.5),
(847,9,81,11),
(848,9,82,25),
(849,9,83,14),
(850,9,84,31),
(851,10,0,19),
(852,10,1,26),
(853,10,2,25),
(854,10,3,17),
(855,10,4,35.5),
(856,10,5,12.5),
(857,10,6,9.5),
(858,10,7,22.5),
(859,10,8,22.5),
(860,10,9,14),
(861,10,10,0),
(862,10,11,11.5),
(863,10,12,10.5),
(864,10,13,13.5),
(865,10,14,9.5),
(866,10,15,10.5),
(867,10,16,21.5),
(868,10,17,14),
(869,10,18,14.5),
(870,10,19,13),
(871,10,20,10),
(872,10,21,11),
(873,10,22,15),
(874,10,23,13.5),
(875,10,24,12),
(876,10,25,10),
(877,10,26,8),
(878,10,27,16),
(879,10,28,22.5),
(880,10,29,18),
(881,10,30,11),
(882,10,31,13),
(883,10,32,14.5),
(884,10,33,14.5),
(885,10,34,16.5),
(886,10,35,14.5),
(887,10,36,11.5),
(888,10,37,11),
(889,10,38,13),
(890,10,39,17),
(891,10,40,11),
(892,10,41,15.5),
(893,10,42,9.5),
(894,10,43,18.5),
(895,10,44,5.5),
(896,10,45,13),
(897,10,46,12),
(898,10,47,11.5),
(899,10,48,13),
(900,10,49,16.5),
(901,10,50,5),
(902,10,51,10),
(903,10,52,15.5),
(904,10,53,19.5),
(905,10,54,19),
(906,10,55,15.5),
(907,10,56,24),
(908,10,57,10.5),
(909,10,58,14.5),
(910,10,59,6.5),
(911,10,60,10.5),
(912,10,61,6.5),
(913,10,62,17),
(914,10,63,14.5),
(915,10,64,17),
(916,10,65,17.5),
(917,10,66,20),
(918,10,67,17.5),
(919,10,68,24.5),
(920,10,69,28.5),
(921,10,70,17),
(922,10,71,16),
(923,10,72,19),
(924,10,73,25),
(925,10,74,23.5),
(926,10,75,16),
(927,10,76,34.5),
(928,10,77,16),
(929,10,78,23.5),
(930,10,79,21.5),
(931,10,80,21.5),
(932,10,81,10),
(933,10,82,20),
(934,10,83,13),
(935,10,84,32),
(936,11,0,14.5),
(937,11,1,15.5),
(938,11,2,16.5),
(939,11,3,18.5),
(940,11,4,28),
(941,11,5,22),
(942,11,6,10),
(943,11,7,18),
(944,11,8,12),
(945,11,9,18.5),
(946,11,10,11.5),
(947,11,11,0),
(948,11,12,6),
(949,11,13,21),
(950,11,14,10),
(951,11,15,9),
(952,11,16,11),
(953,11,17,5.5),
(954,11,18,3),
(955,11,19,13.5),
(956,11,20,4.5),
(957,11,21,15.5),
(958,11,22,12.5),
(959,11,23,8),
(960,11,24,11.5),
(961,11,25,4.5),
(962,11,26,11.5),
(963,11,27,19.5),
(964,11,28,18),
(965,11,29,16.5),
(966,11,30,18.5),
(967,11,31,16.5),
(968,11,32,13),
(969,11,33,13),
(970,11,34,18),
(971,11,35,16),
(972,11,36,18),
(973,11,37,18.5),
(974,11,38,16.5),
(975,11,39,17.5),
(976,11,40,17.5),
(977,11,41,16),
(978,11,42,13),
(979,11,43,18),
(980,11,44,15),
(981,11,45,22.5),
(982,11,46,9.5),
(983,11,47,18),
(984,11,48,16.5),
(985,11,49,12),
(986,11,50,9.5),
(987,11,51,14.5),
(988,11,52,22),
(989,11,53,19),
(990,11,54,19.5),
(991,11,55,20),
(992,11,56,20.5),
(993,11,57,9),
(994,11,58,15),
(995,11,59,8),
(996,11,60,17),
(997,11,61,8),
(998,11,62,21.5),
(999,11,63,8),
(1000,11,64,18.5),
(1001,11,65,9),
(1002,11,66,14.5),
(1003,11,67,22),
(1004,11,68,26),
(1005,11,69,27),
(1006,11,70,15.5),
(1007,11,71,22.5),
(1008,11,72,22.5),
(1009,11,73,23.5),
(1010,11,74,27),
(1011,11,75,19.5),
(1012,11,76,34),
(1013,11,77,16.5),
(1014,11,78,22),
(1015,11,79,23),
(1016,11,80,26),
(1017,11,81,16.5),
(1018,11,82,12.5),
(1019,11,83,16.5),
(1020,11,84,30.5),
(1021,12,0,13.5),
(1022,12,1,17.5),
(1023,12,2,16.5),
(1024,12,3,15.5),
(1025,12,4,27),
(1026,12,5,22),
(1027,12,6,13),
(1028,12,7,20),
(1029,12,8,12),
(1030,12,9,21.5),
(1031,12,10,10.5),
(1032,12,11,6),
(1033,12,12,0),
(1034,12,13,17),
(1035,12,14,13),
(1036,12,15,11),
(1037,12,16,11),
(1038,12,17,9.5),
(1039,12,18,9),
(1040,12,19,10.5),
(1041,12,20,5.5),
(1042,12,21,18.5),
(1043,12,22,12.5),
(1044,12,23,3),
(1045,12,24,10.5),
(1046,12,25,10.5),
(1047,12,26,6.5),
(1048,12,27,22.5),
(1049,12,28,20),
(1050,12,29,15.5),
(1051,12,30,20.5),
(1052,12,31,19.5),
(1053,12,32,13),
(1054,12,33,15),
(1055,12,34,17),
(1056,12,35,15),
(1057,12,36,18),
(1058,12,37,18.5),
(1059,12,38,13.5),
(1060,12,39,14.5),
(1061,12,40,20.5),
(1062,12,41,16),
(1063,12,42,16),
(1064,12,43,12),
(1065,12,44,15),
(1066,12,45,22.5),
(1067,12,46,12.5),
(1068,12,47,21),
(1069,12,48,11.5),
(1070,12,49,9),
(1071,12,50,5.5),
(1072,12,51,13.5),
(1073,12,52,22),
(1074,12,53,18),
(1075,12,54,22.5),
(1076,12,55,22),
(1077,12,56,22.5),
(1078,12,57,7),
(1079,12,58,13),
(1080,12,59,10),
(1081,12,60,14),
(1082,12,61,11),
(1083,12,62,21.5),
(1084,12,63,10),
(1085,12,64,18.5),
(1086,12,65,9),
(1087,12,66,15.5),
(1088,12,67,20),
(1089,12,68,22),
(1090,12,69,21),
(1091,12,70,17.5),
(1092,12,71,22.5),
(1093,12,72,25.5),
(1094,12,73,25.5),
(1095,12,74,24),
(1096,12,75,19.5),
(1097,12,76,33),
(1098,12,77,16.5),
(1099,12,78,21),
(1100,12,79,20),
(1101,12,80,22),
(1102,12,81,16.5),
(1103,12,82,9.5),
(1104,12,83,13.5),
(1105,12,84,29.5),
(1106,13,0,17.5),
(1107,13,1,29.5),
(1108,13,2,28.5),
(1109,13,3,18.5),
(1110,13,4,34),
(1111,13,5,19),
(1112,13,6,16),
(1113,13,7,29),
(1114,13,8,26),
(1115,13,9,15.5),
(1116,13,10,13.5),
(1117,13,11,21),
(1118,13,12,17),
(1119,13,13,0),
(1120,13,14,11),
(1121,13,15,14),
(1122,13,16,26),
(1123,13,17,17.5),
(1124,13,18,21),
(1125,13,19,13.5),
(1126,13,20,19.5),
(1127,13,21,15.5),
(1128,13,22,19.5),
(1129,13,23,18),
(1130,13,24,16.5),
(1131,13,25,16.5),
(1132,13,26,14.5),
(1133,13,27,25.5),
(1134,13,28,29),
(1135,13,29,15.5),
(1136,13,30,12.5),
(1137,13,31,13.5),
(1138,13,32,16),
(1139,13,33,16),
(1140,13,34,11),
(1141,13,35,16),
(1142,13,36,15),
(1143,13,37,15.5),
(1144,13,38,8.5),
(1145,13,39,9.5),
(1146,13,40,15.5),
(1147,13,41,14),
(1148,13,42,11),
(1149,13,43,15),
(1150,13,44,12),
(1151,13,45,16.5),
(1152,13,46,15.5),
(1153,13,47,15),
(1154,13,48,8.5),
(1155,13,49,20),
(1156,13,50,11.5),
(1157,13,51,10.5),
(1158,13,52,23),
(1159,13,53,25),
(1160,13,54,25.5),
(1161,13,55,22),
(1162,13,56,31.5),
(1163,13,57,18),
(1164,13,58,19),
(1165,13,59,16),
(1166,13,60,12),
(1167,13,61,14),
(1168,13,62,21.5),
(1169,13,63,25),
(1170,13,64,24.5),
(1171,13,65,24),
(1172,13,66,26.5),
(1173,13,67,23),
(1174,13,68,26),
(1175,13,69,29),
(1176,13,70,26.5),
(1177,13,71,22.5),
(1178,13,72,22.5),
(1179,13,73,31.5),
(1180,13,74,30),
(1181,13,75,25.5),
(1182,13,76,40),
(1183,13,77,22.5),
(1184,13,78,27),
(1185,13,79,23),
(1186,13,80,19),
(1187,13,81,14.5),
(1188,13,82,20.5),
(1189,13,83,13.5),
(1190,13,84,30.5),
(1191,14,0,13.5),
(1192,14,1,22.5),
(1193,14,2,23.5),
(1194,14,3,11.5),
(1195,14,4,36),
(1196,14,5,14),
(1197,14,6,8),
(1198,14,7,22),
(1199,14,8,19),
(1200,14,9,10.5),
(1201,14,10,9.5),
(1202,14,11,10),
(1203,14,12,13),
(1204,14,13,11),
(1205,14,14,0),
(1206,14,15,10),
(1207,14,16,19),
(1208,14,17,12.5),
(1209,14,18,13),
(1210,14,19,11.5),
(1211,14,20,8.5),
(1212,14,21,7.5),
(1213,14,22,14.5),
(1214,14,23,13),
(1215,14,24,12.5),
(1216,14,25,8.5),
(1217,14,26,9.5),
(1218,14,27,14.5),
(1219,14,28,22),
(1220,14,29,11.5),
(1221,14,30,8.5),
(1222,14,31,8.5),
(1223,14,32,9),
(1224,14,33,6),
(1225,14,34,10),
(1226,14,35,9),
(1227,14,36,10),
(1228,14,37,10.5),
(1229,14,38,9.5),
(1230,14,39,10.5),
(1231,14,40,7.5),
(1232,14,41,6),
(1233,14,42,3),
(1234,14,43,14),
(1235,14,44,7),
(1236,14,45,14.5),
(1237,14,46,7.5),
(1238,14,47,10),
(1239,14,48,6.5),
(1240,14,49,19),
(1241,14,50,10.5),
(1242,14,51,9.5),
(1243,14,52,15),
(1244,14,53,18),
(1245,14,54,14.5),
(1246,14,55,12),
(1247,14,56,24.5),
(1248,14,57,13),
(1249,14,58,11),
(1250,14,59,9),
(1251,14,60,10),
(1252,14,61,3),
(1253,14,62,13.5),
(1254,14,63,18),
(1255,14,64,16.5),
(1256,14,65,16),
(1257,14,66,18.5),
(1258,14,67,15),
(1259,14,68,22),
(1260,14,69,28),
(1261,14,70,16.5),
(1262,14,71,14.5),
(1263,14,72,14.5),
(1264,14,73,24.5),
(1265,14,74,25),
(1266,14,75,17.5),
(1267,14,76,36),
(1268,14,77,14.5),
(1269,14,78,23),
(1270,14,79,21),
(1271,14,80,18),
(1272,14,81,6.5),
(1273,14,82,22.5),
(1274,14,83,11.5),
(1275,14,84,29.5),
(1276,15,0,14.5),
(1277,15,1,23.5),
(1278,15,2,25.5),
(1279,15,3,16.5),
(1280,15,4,28),
(1281,15,5,21),
(1282,15,6,9),
(1283,15,7,22),
(1284,15,8,20),
(1285,15,9,15.5),
(1286,15,10,10.5),
(1287,15,11,9),
(1288,15,12,11),
(1289,15,13,14),
(1290,15,14,10),
(1291,15,15,0),
(1292,15,16,17),
(1293,15,17,8.5),
(1294,15,18,9),
(1295,15,19,13.5),
(1296,15,20,9.5),
(1297,15,21,15.5),
(1298,15,22,12.5),
(1299,15,23,14),
(1300,15,24,13.5),
(1301,15,25,4.5),
(1302,15,26,10.5),
(1303,15,27,19.5),
(1304,15,28,21),
(1305,15,29,17.5),
(1306,15,30,16.5),
(1307,15,31,13.5),
(1308,15,32,9),
(1309,15,33,14),
(1310,15,34,12),
(1311,15,35,13),
(1312,15,36,18),
(1313,15,37,18.5),
(1314,15,38,12.5),
(1315,15,39,17.5),
(1316,15,40,17.5),
(1317,15,41,16),
(1318,15,42,13),
(1319,15,43,20),
(1320,15,44,15),
(1321,15,45,21.5),
(1322,15,46,5.5),
(1323,15,47,18),
(1324,15,48,16.5),
(1325,15,49,12),
(1326,15,50,8.5),
(1327,15,51,9.5),
(1328,15,52,22),
(1329,15,53,20),
(1330,15,54,19.5),
(1331,15,55,19),
(1332,15,56,25.5),
(1333,15,57,9),
(1334,15,58,17),
(1335,15,59,10),
(1336,15,60,16),
(1337,15,61,8),
(1338,15,62,21.5),
(1339,15,63,15),
(1340,15,64,18.5),
(1341,15,65,15),
(1342,15,66,20.5),
(1343,15,67,22),
(1344,15,68,27),
(1345,15,69,29),
(1346,15,70,17.5),
(1347,15,71,22.5),
(1348,15,72,22.5),
(1349,15,73,24.5),
(1350,15,74,30),
(1351,15,75,19.5),
(1352,15,76,38),
(1353,15,77,16.5),
(1354,15,78,23),
(1355,15,79,20),
(1356,15,80,22),
(1357,15,81,15.5),
(1358,15,82,15.5),
(1359,15,83,13.5),
(1360,15,84,28.5),
(1361,16,0,17.5),
(1362,16,1,22.5),
(1363,16,2,24.5),
(1364,16,3,20.5),
(1365,16,4,31),
(1366,16,5,32),
(1367,16,6,20),
(1368,16,7,27),
(1369,16,8,17),
(1370,16,9,29.5),
(1371,16,10,21.5),
(1372,16,11,11),
(1373,16,12,11),
(1374,16,13,26),
(1375,16,14,19),
(1376,16,15,17),
(1377,16,16,0),
(1378,16,17,14.5),
(1379,16,18,11),
(1380,16,19,21.5),
(1381,16,20,12.5),
(1382,16,21,26.5),
(1383,16,22,21.5),
(1384,16,23,12),
(1385,16,24,18.5),
(1386,16,25,15.5),
(1387,16,26,16.5),
(1388,16,27,30.5),
(1389,16,28,26),
(1390,16,29,22.5),
(1391,16,30,25.5),
(1392,16,31,27.5),
(1393,16,32,19),
(1394,16,33,20),
(1395,16,34,23),
(1396,16,35,19),
(1397,16,36,29),
(1398,16,37,29.5),
(1399,16,38,21.5),
(1400,16,39,23.5),
(1401,16,40,26.5),
(1402,16,41,22),
(1403,16,42,22),
(1404,16,43,21),
(1405,16,44,26),
(1406,16,45,32.5),
(1407,16,46,19.5),
(1408,16,47,29),
(1409,16,48,20.5),
(1410,16,49,15),
(1411,16,50,16.5),
(1412,16,51,23.5),
(1413,16,52,31),
(1414,16,53,26),
(1415,16,54,30.5),
(1416,16,55,30),
(1417,16,56,27.5),
(1418,16,57,15),
(1419,16,58,21),
(1420,16,59,18),
(1421,16,60,22),
(1422,16,61,19),
(1423,16,62,29.5),
(1424,16,63,17),
(1425,16,64,29.5),
(1426,16,65,14),
(1427,16,66,20.5),
(1428,16,67,29),
(1429,16,68,30),
(1430,16,69,29),
(1431,16,70,25.5),
(1432,16,71,33.5),
(1433,16,72,33.5),
(1434,16,73,32.5),
(1435,16,74,35),
(1436,16,75,30.5),
(1437,16,76,38),
(1438,16,77,27.5),
(1439,16,78,28),
(1440,16,79,31),
(1441,16,80,33),
(1442,16,81,24.5),
(1443,16,82,12.5),
(1444,16,83,24.5),
(1445,16,84,34.5),
(1446,17,0,17),
(1447,17,1,21),
(1448,17,2,22),
(1449,17,3,19),
(1450,17,4,30.5),
(1451,17,5,24.5),
(1452,17,6,12.5),
(1453,17,7,20.5),
(1454,17,8,15.5),
(1455,17,9,15),
(1456,17,10,14),
(1457,17,11,5.5),
(1458,17,12,9.5),
(1459,17,13,17.5),
(1460,17,14,12.5),
(1461,17,15,8.5),
(1462,17,16,14.5),
(1463,17,17,0),
(1464,17,18,8.5),
(1465,17,19,13),
(1466,17,20,8),
(1467,17,21,18),
(1468,17,22,12),
(1469,17,23,11.5),
(1470,17,24,14),
(1471,17,25,4),
(1472,17,26,12),
(1473,17,27,22),
(1474,17,28,20.5),
(1475,17,29,19),
(1476,17,30,21),
(1477,17,31,16),
(1478,17,32,10.5),
(1479,17,33,15.5),
(1480,17,34,17.5),
(1481,17,35,18.5),
(1482,17,36,20.5),
(1483,17,37,21),
(1484,17,38,16),
(1485,17,39,14),
(1486,17,40,20),
(1487,17,41,18.5),
(1488,17,42,15.5),
(1489,17,43,18.5),
(1490,17,44,17.5),
(1491,17,45,25),
(1492,17,46,9),
(1493,17,47,20.5),
(1494,17,48,17),
(1495,17,49,9.5),
(1496,17,50,12),
(1497,17,51,11),
(1498,17,52,24.5),
(1499,17,53,21.5),
(1500,17,54,22),
(1501,17,55,22.5),
(1502,17,56,23),
(1503,17,57,6.5),
(1504,17,58,15.5),
(1505,17,59,10.5),
(1506,17,60,19.5),
(1507,17,61,10.5),
(1508,17,62,24),
(1509,17,63,13.5),
(1510,17,64,21),
(1511,17,65,14.5),
(1512,17,66,15),
(1513,17,67,22.5),
(1514,17,68,28.5),
(1515,17,69,30.5),
(1516,17,70,18),
(1517,17,71,25),
(1518,17,72,25),
(1519,17,73,26),
(1520,17,74,29.5),
(1521,17,75,22),
(1522,17,76,36.5),
(1523,17,77,19),
(1524,17,78,24.5),
(1525,17,79,25.5),
(1526,17,80,28.5),
(1527,17,81,19),
(1528,17,82,10),
(1529,17,83,16),
(1530,17,84,33),
(1531,18,0,17.5),
(1532,18,1,18.5),
(1533,18,2,19.5),
(1534,18,3,21.5),
(1535,18,4,28),
(1536,18,5,25),
(1537,18,6,13),
(1538,18,7,21),
(1539,18,8,15),
(1540,18,9,21.5),
(1541,18,10,14.5),
(1542,18,11,3),
(1543,18,12,9),
(1544,18,13,21),
(1545,18,14,13),
(1546,18,15,9),
(1547,18,16,11),
(1548,18,17,8.5),
(1549,18,18,0),
(1550,18,19,16.5),
(1551,18,20,7.5),
(1552,18,21,18.5),
(1553,18,22,15.5),
(1554,18,23,11),
(1555,18,24,14.5),
(1556,18,25,7.5),
(1557,18,26,14.5),
(1558,18,27,22.5),
(1559,18,28,21),
(1560,18,29,19.5),
(1561,18,30,21.5),
(1562,18,31,19.5),
(1563,18,32,16),
(1564,18,33,16),
(1565,18,34,21),
(1566,18,35,19),
(1567,18,36,21),
(1568,18,37,21.5),
(1569,18,38,19.5),
(1570,18,39,20.5),
(1571,18,40,20.5),
(1572,18,41,19),
(1573,18,42,16),
(1574,18,43,21),
(1575,18,44,18),
(1576,18,45,25.5),
(1577,18,46,12.5),
(1578,18,47,21),
(1579,18,48,19.5),
(1580,18,49,15),
(1581,18,50,12.5),
(1582,18,51,17.5),
(1583,18,52,25),
(1584,18,53,22),
(1585,18,54,22.5),
(1586,18,55,23),
(1587,18,56,23.5),
(1588,18,57,12),
(1589,18,58,18),
(1590,18,59,11),
(1591,18,60,20),
(1592,18,61,11),
(1593,18,62,24.5),
(1594,18,63,11),
(1595,18,64,21.5),
(1596,18,65,9),
(1597,18,66,17.5),
(1598,18,67,25),
(1599,18,68,29),
(1600,18,69,24),
(1601,18,70,18.5),
(1602,18,71,25.5),
(1603,18,72,25.5),
(1604,18,73,26.5),
(1605,18,74,30),
(1606,18,75,22.5),
(1607,18,76,37),
(1608,18,77,19.5),
(1609,18,78,25),
(1610,18,79,23),
(1611,18,80,26),
(1612,18,81,19.5),
(1613,18,82,12.5),
(1614,18,83,19.5),
(1615,18,84,30.5),
(1616,19,0,10),
(1617,19,1,20),
(1618,19,2,18),
(1619,19,3,11),
(1620,19,4,26.5),
(1621,19,5,20.5),
(1622,19,6,17.5),
(1623,19,7,19.5),
(1624,19,8,22.5),
(1625,19,9,17),
(1626,19,10,13),
(1627,19,11,13.5),
(1628,19,12,10.5),
(1629,19,13,13.5),
(1630,19,14,11.5),
(1631,19,15,13.5),
(1632,19,16,21.5),
(1633,19,17,13),
(1634,19,18,16.5),
(1635,19,19,0),
(1636,19,20,12),
(1637,19,21,17),
(1638,19,22,14),
(1639,19,23,9.5),
(1640,19,24,16),
(1641,19,25,12),
(1642,19,26,10),
(1643,19,27,24),
(1644,19,28,19.5),
(1645,19,29,15),
(1646,19,30,20),
(1647,19,31,15),
(1648,19,32,14.5),
(1649,19,33,11.5),
(1650,19,34,10.5),
(1651,19,35,17.5),
(1652,19,36,16.5),
(1653,19,37,17),
(1654,19,38,6),
(1655,19,39,7),
(1656,19,40,19),
(1657,19,41,14.5),
(1658,19,42,14.5),
(1659,19,43,10.5),
(1660,19,44,13.5),
(1661,19,45,21),
(1662,19,46,14),
(1663,19,47,19.5),
(1664,19,48,12),
(1665,19,49,10.5),
(1666,19,50,11),
(1667,19,51,7),
(1668,19,52,23.5),
(1669,19,53,20.5),
(1670,19,54,18),
(1671,19,55,21.5),
(1672,19,56,22),
(1673,19,57,10.5),
(1674,19,58,16.5),
(1675,19,59,15.5),
(1676,19,60,15.5),
(1677,19,61,9.5),
(1678,19,62,20),
(1679,19,63,18.5),
(1680,19,64,20),
(1681,19,65,10.5),
(1682,19,66,19),
(1683,19,67,20.5),
(1684,19,68,18.5),
(1685,19,69,22.5),
(1686,19,70,20),
(1687,19,71,21),
(1688,19,72,21),
(1689,19,73,28),
(1690,19,74,22.5),
(1691,19,75,21),
(1692,19,76,32.5),
(1693,19,77,21),
(1694,19,78,20.5),
(1695,19,79,21.5),
(1696,19,80,21.5),
(1697,19,81,15),
(1698,19,82,17),
(1699,19,83,12),
(1700,19,84,29),
(1701,20,0,12),
(1702,20,1,20),
(1703,20,2,21),
(1704,20,3,15),
(1705,20,4,31.5),
(1706,20,5,19.5),
(1707,20,6,10.5),
(1708,20,7,21.5),
(1709,20,8,14.5),
(1710,20,9,17),
(1711,20,10,10),
(1712,20,11,4.5),
(1713,20,12,5.5),
(1714,20,13,19.5),
(1715,20,14,8.5),
(1716,20,15,9.5),
(1717,20,16,12.5),
(1718,20,17,8),
(1719,20,18,7.5),
(1720,20,19,12),
(1721,20,20,0),
(1722,20,21,14),
(1723,20,22,14),
(1724,20,23,7.5),
(1725,20,24,16),
(1726,20,25,9),
(1727,20,26,7),
(1728,20,27,18),
(1729,20,28,21.5),
(1730,20,29,15),
(1731,20,30,17),
(1732,20,31,15),
(1733,20,32,12.5),
(1734,20,33,11.5),
(1735,20,34,15.5),
(1736,20,35,13.5),
(1737,20,36,16.5),
(1738,20,37,17),
(1739,20,38,14),
(1740,20,39,16),
(1741,20,40,16),
(1742,20,41,14.5),
(1743,20,42,11.5),
(1744,20,43,14.5),
(1745,20,44,13.5),
(1746,20,45,20),
(1747,20,46,10),
(1748,20,47,16.5),
(1749,20,48,13),
(1750,20,49,13.5),
(1751,20,50,11),
(1752,20,51,12),
(1753,20,52,20.5),
(1754,20,53,20.5),
(1755,20,54,18),
(1756,20,55,18.5),
(1757,20,56,25),
(1758,20,57,8.5),
(1759,20,58,10.5),
(1760,20,59,12.5),
(1761,20,60,14.5),
(1762,20,61,6.5),
(1763,20,62,20),
(1764,20,63,12.5),
(1765,20,64,20),
(1766,20,65,10.5),
(1767,20,66,17),
(1768,20,67,18.5),
(1769,20,68,24.5),
(1770,20,69,23.5),
(1771,20,70,17),
(1772,20,71,21),
(1773,20,72,21),
(1774,20,73,28),
(1775,20,74,25.5),
(1776,20,75,21),
(1777,20,76,38.5),
(1778,20,77,18),
(1779,20,78,26.5),
(1780,20,79,24.5),
(1781,20,80,24.5),
(1782,20,81,14),
(1783,20,82,14),
(1784,20,83,15),
(1785,20,84,35),
(1786,21,0,21),
(1787,21,1,25),
(1788,21,2,23),
(1789,21,3,19),
(1790,21,4,43.5),
(1791,21,5,10.5),
(1792,21,6,10.5),
(1793,21,7,24.5),
(1794,21,8,21.5),
(1795,21,9,9),
(1796,21,10,11),
(1797,21,11,15.5),
(1798,21,12,18.5),
(1799,21,13,15.5),
(1800,21,14,7.5),
(1801,21,15,15.5),
(1802,21,16,26.5),
(1803,21,17,18),
(1804,21,18,18.5),
(1805,21,19,17),
(1806,21,20,14),
(1807,21,21,0),
(1808,21,22,22),
(1809,21,23,20.5),
(1810,21,24,14),
(1811,21,25,14),
(1812,21,26,15),
(1813,21,27,14),
(1814,21,28,24.5),
(1815,21,29,14),
(1816,21,30,7),
(1817,21,31,8),
(1818,21,32,16.5),
(1819,21,33,13.5),
(1820,21,34,12.5),
(1821,21,35,13.5),
(1822,21,36,9.5),
(1823,21,37,9),
(1824,21,38,17),
(1825,21,39,18),
(1826,21,40,6),
(1827,21,41,7.5),
(1828,21,42,4.5),
(1829,21,43,20.5),
(1830,21,44,9.5),
(1831,21,45,14),
(1832,21,46,10),
(1833,21,47,6.5),
(1834,21,48,14),
(1835,21,49,24.5),
(1836,21,50,13),
(1837,21,51,15),
(1838,21,52,16.5),
(1839,21,53,18.5),
(1840,21,54,14),
(1841,21,55,11.5),
(1842,21,56,26),
(1843,21,57,17.5),
(1844,21,58,15.5),
(1845,21,59,14.5),
(1846,21,60,11.5),
(1847,21,61,7.5),
(1848,21,62,12),
(1849,21,63,22.5),
(1850,21,64,15),
(1851,21,65,18.5),
(1852,21,66,24),
(1853,21,67,15.5),
(1854,21,68,23.5),
(1855,21,69,27.5),
(1856,21,70,19),
(1857,21,71,14),
(1858,21,72,14),
(1859,21,73,24),
(1860,21,74,24.5),
(1861,21,75,20),
(1862,21,76,39.5),
(1863,21,77,14),
(1864,21,78,25.5),
(1865,21,79,19.5),
(1866,21,80,17.5),
(1867,21,81,11),
(1868,21,82,28),
(1869,21,83,14),
(1870,21,84,31),
(1871,22,0,16),
(1872,22,1,25),
(1873,22,2,23),
(1874,22,3,20),
(1875,22,4,29.5),
(1876,22,5,25.5),
(1877,22,6,13.5),
(1878,22,7,21.5),
(1879,22,8,21.5),
(1880,22,9,22),
(1881,22,10,15),
(1882,22,11,12.5),
(1883,22,12,12.5),
(1884,22,13,19.5),
(1885,22,14,14.5),
(1886,22,15,12.5),
(1887,22,16,21.5),
(1888,22,17,12),
(1889,22,18,15.5),
(1890,22,19,14),
(1891,22,20,14),
(1892,22,21,22),
(1893,22,22,0),
(1894,22,23,12.5),
(1895,22,24,18),
(1896,22,25,11),
(1897,22,26,15),
(1898,22,27,23),
(1899,22,28,21.5),
(1900,22,29,20),
(1901,22,30,23),
(1902,22,31,20),
(1903,22,32,11.5),
(1904,22,33,14.5),
(1905,22,34,21.5),
(1906,22,35,17.5),
(1907,22,36,21.5),
(1908,22,37,22),
(1909,22,38,15),
(1910,22,39,13),
(1911,22,40,22),
(1912,22,41,17.5),
(1913,22,42,17.5),
(1914,22,43,16.5),
(1915,22,44,18.5),
(1916,22,45,23),
(1917,22,46,13),
(1918,22,47,24.5),
(1919,22,48,16),
(1920,22,49,15.5),
(1921,22,50,13),
(1922,22,51,15),
(1923,22,52,20.5),
(1924,22,53,17.5),
(1925,22,54,23),
(1926,22,55,26.5),
(1927,22,56,27),
(1928,22,57,12.5),
(1929,22,58,16.5),
(1930,22,59,14.5),
(1931,22,60,18.5),
(1932,22,61,14.5),
(1933,22,62,25),
(1934,22,63,14.5),
(1935,22,64,19),
(1936,22,65,18.5),
(1937,22,66,21),
(1938,22,67,20.5),
(1939,22,68,24.5),
(1940,22,69,30.5),
(1941,22,70,19),
(1942,22,71,23),
(1943,22,72,26),
(1944,22,73,27),
(1945,22,74,27.5),
(1946,22,75,20),
(1947,22,76,27.5),
(1948,22,77,17),
(1949,22,78,25.5),
(1950,22,79,23.5),
(1951,22,80,26.5),
(1952,22,81,15),
(1953,22,82,16),
(1954,22,83,14),
(1955,22,84,32),
(1956,23,0,11.5),
(1957,23,1,17.5),
(1958,23,2,15.5),
(1959,23,3,13.5),
(1960,23,4,25),
(1961,23,5,24),
(1962,23,6,15),
(1963,23,7,20),
(1964,23,8,15),
(1965,23,9,23.5),
(1966,23,10,13.5),
(1967,23,11,8),
(1968,23,12,3),
(1969,23,13,18),
(1970,23,14,13),
(1971,23,15,14),
(1972,23,16,12),
(1973,23,17,11.5),
(1974,23,18,11),
(1975,23,19,9.5),
(1976,23,20,7.5),
(1977,23,21,20.5),
(1978,23,22,12.5),
(1979,23,23,0),
(1980,23,24,13.5),
(1981,23,25,12.5),
(1982,23,26,8.5),
(1983,23,27,24.5),
(1984,23,28,20),
(1985,23,29,18.5),
(1986,23,30,21.5),
(1987,23,31,21.5),
(1988,23,32,11),
(1989,23,33,13),
(1990,23,34,17),
(1991,23,35,16),
(1992,23,36,20),
(1993,23,37,20.5),
(1994,23,38,10.5),
(1995,23,39,11.5),
(1996,23,40,20.5),
(1997,23,41,16),
(1998,23,42,16),
(1999,23,43,10),
(2000,23,44,17),
(2001,23,45,24.5),
(2002,23,46,14.5),
(2003,23,47,23),
(2004,23,48,11.5),
(2005,23,49,9),
(2006,23,50,8.5),
(2007,23,51,13.5),
(2008,23,52,22),
(2009,23,53,16),
(2010,23,54,21.5),
(2011,23,55,25),
(2012,23,56,22.5),
(2013,23,57,9),
(2014,23,58,13),
(2015,23,59,13),
(2016,23,60,14),
(2017,23,61,13),
(2018,23,62,23.5),
(2019,23,63,13),
(2020,23,64,17.5),
(2021,23,65,8),
(2022,23,66,14.5),
(2023,23,67,17),
(2024,23,68,20),
(2025,23,69,21),
(2026,23,70,17.5),
(2027,23,71,24.5),
(2028,23,72,24.5),
(2029,23,73,25.5),
(2030,23,74,23),
(2031,23,75,18.5),
(2032,23,76,31),
(2033,23,77,18.5),
(2034,23,78,21),
(2035,23,79,19),
(2036,23,80,25),
(2037,23,81,16.5),
(2038,23,82,12.5),
(2039,23,83,15.5),
(2040,23,84,27.5),
(2041,24,0,22),
(2042,24,1,20),
(2043,24,2,13),
(2044,24,3,20),
(2045,24,4,32.5),
(2046,24,5,15.5),
(2047,24,6,12.5),
(2048,24,7,19.5),
(2049,24,8,16.5),
(2050,24,9,14),
(2051,24,10,12),
(2052,24,11,11.5),
(2053,24,12,10.5),
(2054,24,13,16.5),
(2055,24,14,12.5),
(2056,24,15,13.5),
(2057,24,16,18.5),
(2058,24,17,14),
(2059,24,18,14.5),
(2060,24,19,16),
(2061,24,20,16),
(2062,24,21,14),
(2063,24,22,18),
(2064,24,23,13.5),
(2065,24,24,0),
(2066,24,25,10),
(2067,24,26,11),
(2068,24,27,16),
(2069,24,28,16.5),
(2070,24,29,18),
(2071,24,30,20),
(2072,24,31,19),
(2073,24,32,14.5),
(2074,24,33,17.5),
(2075,24,34,16.5),
(2076,24,35,14.5),
(2077,24,36,11.5),
(2078,24,37,11),
(2079,24,38,16),
(2080,24,39,17),
(2081,24,40,14),
(2082,24,41,12.5),
(2083,24,42,15.5),
(2084,24,43,18.5),
(2085,24,44,14.5),
(2086,24,45,16),
(2087,24,46,9),
(2088,24,47,17.5),
(2089,24,48,13),
(2090,24,49,13.5),
(2091,24,50,8),
(2092,24,51,16),
(2093,24,52,15.5),
(2094,24,53,13.5),
(2095,24,54,16),
(2096,24,55,15.5),
(2097,24,56,15),
(2098,24,57,13.5),
(2099,24,58,11.5),
(2100,24,59,6.5),
(2101,24,60,10.5),
(2102,24,61,12.5),
(2103,24,62,14),
(2104,24,63,14.5),
(2105,24,64,11),
(2106,24,65,14.5),
(2107,24,66,17),
(2108,24,67,17.5),
(2109,24,68,21.5),
(2110,24,69,25.5),
(2111,24,70,20),
(2112,24,71,19),
(2113,24,72,22),
(2114,24,73,16),
(2115,24,74,20.5),
(2116,24,75,19),
(2117,24,76,31.5),
(2118,24,77,13),
(2119,24,78,14.5),
(2120,24,79,12.5),
(2121,24,80,15.5),
(2122,24,81,16),
(2123,24,82,17),
(2124,24,83,13),
(2125,24,84,20),
(2126,25,0,16),
(2127,25,1,20),
(2128,25,2,21),
(2129,25,3,17),
(2130,25,4,29.5),
(2131,25,5,20.5),
(2132,25,6,8.5),
(2133,25,7,19.5),
(2134,25,8,16.5),
(2135,25,9,14),
(2136,25,10,10),
(2137,25,11,4.5),
(2138,25,12,10.5),
(2139,25,13,16.5),
(2140,25,14,8.5),
(2141,25,15,4.5),
(2142,25,16,15.5),
(2143,25,17,4),
(2144,25,18,7.5),
(2145,25,19,12),
(2146,25,20,9),
(2147,25,21,14),
(2148,25,22,11),
(2149,25,23,12.5),
(2150,25,24,10),
(2151,25,25,0),
(2152,25,26,10),
(2153,25,27,18),
(2154,25,28,19.5),
(2155,25,29,18),
(2156,25,30,17),
(2157,25,31,12),
(2158,25,32,8.5),
(2159,25,33,14.5),
(2160,25,34,13.5),
(2161,25,35,14.5),
(2162,25,36,16.5),
(2163,25,37,17),
(2164,25,38,12),
(2165,25,39,16),
(2166,25,40,16),
(2167,25,41,14.5),
(2168,25,42,11.5),
(2169,25,43,19.5),
(2170,25,44,13.5),
(2171,25,45,21),
(2172,25,46,5),
(2173,25,47,16.5),
(2174,25,48,15),
(2175,25,49,10.5),
(2176,25,50,8),
(2177,25,51,10),
(2178,25,52,20.5),
(2179,25,53,20.5),
(2180,25,54,18),
(2181,25,55,18.5),
(2182,25,56,22),
(2183,25,57,7.5),
(2184,25,58,16.5),
(2185,25,59,6.5),
(2186,25,60,15.5),
(2187,25,61,6.5),
(2188,25,62,20),
(2189,25,63,12.5),
(2190,25,64,17),
(2191,25,65,13.5),
(2192,25,66,16),
(2193,25,67,20.5),
(2194,25,68,27.5),
(2195,25,69,31.5),
(2196,25,70,17),
(2197,25,71,21),
(2198,25,72,21),
(2199,25,73,22),
(2200,25,74,28.5),
(2201,25,75,18),
(2202,25,76,35.5),
(2203,25,77,15),
(2204,25,78,20.5),
(2205,25,79,21.5),
(2206,25,80,24.5),
(2207,25,81,15),
(2208,25,82,14),
(2209,25,83,12),
(2210,25,84,29),
(2211,26,0,16),
(2212,26,1,24),
(2213,26,2,22),
(2214,26,3,13),
(2215,26,4,32.5),
(2216,26,5,16.5),
(2217,26,6,10.5),
(2218,26,7,21.5),
(2219,26,8,18.5),
(2220,26,9,18),
(2221,26,10,8),
(2222,26,11,11.5),
(2223,26,12,6.5),
(2224,26,13,14.5),
(2225,26,14,9.5),
(2226,26,15,10.5),
(2227,26,16,16.5),
(2228,26,17,12),
(2229,26,18,14.5),
(2230,26,19,10),
(2231,26,20,7),
(2232,26,21,15),
(2233,26,22,15),
(2234,26,23,8.5),
(2235,26,24,11),
(2236,26,25,10),
(2237,26,26,0),
(2238,26,27,19),
(2239,26,28,22.5),
(2240,26,29,16),
(2241,26,30,18),
(2242,26,31,16),
(2243,26,32,13.5),
(2244,26,33,15.5),
(2245,26,34,13.5),
(2246,26,35,9.5),
(2247,26,36,14.5),
(2248,26,37,15),
(2249,26,38,9),
(2250,26,39,14),
(2251,26,40,17),
(2252,26,41,12.5),
(2253,26,42,12.5),
(2254,26,43,15.5),
(2255,26,44,11.5),
(2256,26,45,16),
(2257,26,46,11),
(2258,26,47,17.5),
(2259,26,48,8),
(2260,26,49,9.5),
(2261,26,50,6),
(2262,26,51,10),
(2263,26,52,18.5),
(2264,26,53,21.5),
(2265,26,54,19),
(2266,26,55,19.5),
(2267,26,56,26),
(2268,26,57,9.5),
(2269,26,58,10.5),
(2270,26,59,10.5),
(2271,26,60,8.5),
(2272,26,61,7.5),
(2273,26,62,18),
(2274,26,63,16.5),
(2275,26,64,18),
(2276,26,65,14.5),
(2277,26,66,18),
(2278,26,67,16.5),
(2279,26,68,22.5),
(2280,26,69,24.5),
(2281,26,70,21),
(2282,26,71,19),
(2283,26,72,22),
(2284,26,73,26),
(2285,26,74,23.5),
(2286,26,75,19),
(2287,26,76,36.5),
(2288,26,77,16),
(2289,26,78,21.5),
(2290,26,79,19.5),
(2291,26,80,19.5),
(2292,26,81,12),
(2293,26,82,13),
(2294,26,83,10),
(2295,26,84,30),
(2296,27,0,25),
(2297,27,1,20),
(2298,27,2,15),
(2299,27,3,20),
(2300,27,4,38.5),
(2301,27,5,8.5),
(2302,27,6,14.5),
(2303,27,7,19.5),
(2304,27,8,16.5),
(2305,27,9,11),
(2306,27,10,16),
(2307,27,11,19.5),
(2308,27,12,22.5),
(2309,27,13,25.5),
(2310,27,14,14.5),
(2311,27,15,19.5),
(2312,27,16,30.5),
(2313,27,17,22),
(2314,27,18,22.5),
(2315,27,19,24),
(2316,27,20,18),
(2317,27,21,14),
(2318,27,22,23),
(2319,27,23,24.5),
(2320,27,24,16),
(2321,27,25,18),
(2322,27,26,19),
(2323,27,27,0),
(2324,27,28,19.5),
(2325,27,29,15),
(2326,27,30,17),
(2327,27,31,15),
(2328,27,32,17.5),
(2329,27,33,17.5),
(2330,27,34,19.5),
(2331,27,35,14.5),
(2332,27,36,10.5),
(2333,27,37,11),
(2334,27,38,24),
(2335,27,39,22),
(2336,27,40,10),
(2337,27,41,11.5),
(2338,27,42,14.5),
(2339,27,43,25.5),
(2340,27,44,16.5),
(2341,27,45,15),
(2342,27,46,14),
(2343,27,47,10.5),
(2344,27,48,21),
(2345,27,49,28.5),
(2346,27,50,20),
(2347,27,51,22),
(2348,27,52,2.5),
(2349,27,53,11.5),
(2350,27,54,6),
(2351,27,55,3.5),
(2352,27,56,16),
(2353,27,57,19.5),
(2354,27,58,16.5),
(2355,27,59,15.5),
(2356,27,60,18.5),
(2357,27,61,15.5),
(2358,27,62,5),
(2359,27,63,24.5),
(2360,27,64,8),
(2361,27,65,22.5),
(2362,27,66,16),
(2363,27,67,11.5),
(2364,27,68,18.5),
(2365,27,69,22.5),
(2366,27,70,11),
(2367,27,71,9),
(2368,27,72,9),
(2369,27,73,16),
(2370,27,74,13.5),
(2371,27,75,12),
(2372,27,76,32.5),
(2373,27,77,9),
(2374,27,78,20.5),
(2375,27,79,12.5),
(2376,27,80,12.5),
(2377,27,81,12),
(2378,27,82,29),
(2379,27,83,15),
(2380,27,84,23),
(2381,28,0,23.5),
(2382,28,1,8.5),
(2383,28,2,10.5),
(2384,28,3,19.5),
(2385,28,4,19),
(2386,28,5,21),
(2387,28,6,18),
(2388,28,7,4),
(2389,28,8,14),
(2390,28,9,27.5),
(2391,28,10,22.5),
(2392,28,11,18),
(2393,28,12,20),
(2394,28,13,29),
(2395,28,14,22),
(2396,28,15,21),
(2397,28,16,26),
(2398,28,17,20.5),
(2399,28,18,21),
(2400,28,19,19.5),
(2401,28,20,21.5),
(2402,28,21,24.5),
(2403,28,22,21.5),
(2404,28,23,20),
(2405,28,24,16.5),
(2406,28,25,19.5),
(2407,28,26,22.5),
(2408,28,27,19.5),
(2409,28,28,0),
(2410,28,29,20.5),
(2411,28,30,28.5),
(2412,28,31,28.5),
(2413,28,32,18),
(2414,28,33,17),
(2415,28,34,24),
(2416,28,35,22),
(2417,28,36,24),
(2418,28,37,24.5),
(2419,28,38,24.5),
(2420,28,39,20.5),
(2421,28,40,26.5),
(2422,28,41,22),
(2423,28,42,25),
(2424,28,43,23),
(2425,28,44,24),
(2426,28,45,24.5),
(2427,28,46,17.5),
(2428,28,47,27),
(2429,28,48,25.5),
(2430,28,49,18),
(2431,28,50,20.5),
(2432,28,51,21.5),
(2433,28,52,19),
(2434,28,53,11),
(2435,28,54,13.5),
(2436,28,55,22),
(2437,28,56,7.5),
(2438,28,57,24),
(2439,28,58,20),
(2440,28,59,16),
(2441,28,60,22),
(2442,28,61,23),
(2443,28,62,21.5),
(2444,28,63,15),
(2445,28,64,12.5),
(2446,28,65,18),
(2447,28,66,11.5),
(2448,28,67,13),
(2449,28,68,9),
(2450,28,69,17),
(2451,28,70,11.5),
(2452,28,71,16.5),
(2453,28,72,16.5),
(2454,28,73,12.5),
(2455,28,74,18),
(2456,28,75,13.5),
(2457,28,76,20),
(2458,28,77,13.5),
(2459,28,78,8),
(2460,28,79,17),
(2461,28,80,19),
(2462,28,81,21.5),
(2463,28,82,21.5),
(2464,28,83,22.5),
(2465,28,84,16.5),
(2466,29,0,14),
(2467,29,1,16),
(2468,29,2,18),
(2469,29,3,11),
(2470,29,4,33.5),
(2471,29,5,17.5),
(2472,29,6,14.5),
(2473,29,7,18.5),
(2474,29,8,12.5),
(2475,29,9,17),
(2476,29,10,18),
(2477,29,11,16.5),
(2478,29,12,15.5),
(2479,29,13,15.5),
(2480,29,14,11.5),
(2481,29,15,17.5),
(2482,29,16,22.5),
(2483,29,17,19),
(2484,29,18,19.5),
(2485,29,19,15),
(2486,29,20,15),
(2487,29,21,14),
(2488,29,22,20),
(2489,29,23,18.5),
(2490,29,24,18),
(2491,29,25,18),
(2492,29,26,16),
(2493,29,27,15),
(2494,29,28,20.5),
(2495,29,29,0),
(2496,29,30,12),
(2497,29,31,12),
(2498,29,32,16.5),
(2499,29,33,8.5),
(2500,29,34,8.5),
(2501,29,35,8.5),
(2502,29,36,13.5),
(2503,29,37,14),
(2504,29,38,15),
(2505,29,39,13),
(2506,29,40,16),
(2507,29,41,8.5),
(2508,29,42,11.5),
(2509,29,43,15.5),
(2510,29,44,16.5),
(2511,29,45,18),
(2512,29,46,17),
(2513,29,47,13.5),
(2514,29,48,12),
(2515,29,49,20.5),
(2516,29,50,16),
(2517,29,51,18),
(2518,29,52,17.5),
(2519,29,53,15.5),
(2520,29,54,15),
(2521,29,55,14.5),
(2522,29,56,21),
(2523,29,57,16.5),
(2524,29,58,19.5),
(2525,29,59,17.5),
(2526,29,60,18.5),
(2527,29,61,12.5),
(2528,29,62,11),
(2529,29,63,18.5),
(2530,29,64,17),
(2531,29,65,19.5),
(2532,29,66,16),
(2533,29,67,17.5),
(2534,29,68,16.5),
(2535,29,69,21.5),
(2536,29,70,13),
(2537,29,71,15),
(2538,29,72,12),
(2539,29,73,23),
(2540,29,74,19.5),
(2541,29,75,18),
(2542,29,76,29.5),
(2543,29,77,15),
(2544,29,78,21.5),
(2545,29,79,18.5),
(2546,29,80,14.5),
(2547,29,81,12),
(2548,29,82,21),
(2549,29,83,12),
(2550,29,84,27),
(2551,30,0,20),
(2552,30,1,27),
(2553,30,2,29),
(2554,30,3,18),
(2555,30,4,42.5),
(2556,30,5,13.5),
(2557,30,6,13.5),
(2558,30,7,26.5),
(2559,30,8,23.5),
(2560,30,9,13),
(2561,30,10,11),
(2562,30,11,18.5),
(2563,30,12,20.5),
(2564,30,13,12.5),
(2565,30,14,8.5),
(2566,30,15,16.5),
(2567,30,16,25.5),
(2568,30,17,21),
(2569,30,18,21.5),
(2570,30,19,20),
(2571,30,20,17),
(2572,30,21,7),
(2573,30,22,23),
(2574,30,23,21.5),
(2575,30,24,20),
(2576,30,25,17),
(2577,30,26,18),
(2578,30,27,17),
(2579,30,28,28.5),
(2580,30,29,12),
(2581,30,30,0),
(2582,30,31,5),
(2583,30,32,16.5),
(2584,30,33,12.5),
(2585,30,34,10.5),
(2586,30,35,12.5),
(2587,30,36,9.5),
(2588,30,37,10),
(2589,30,38,15),
(2590,30,39,19),
(2591,30,40,7),
(2592,30,41,11.5),
(2593,30,42,5.5),
(2594,30,43,21.5),
(2595,30,44,9.5),
(2596,30,45,14),
(2597,30,46,16),
(2598,30,47,6.5),
(2599,30,48,12),
(2600,30,49,25.5),
(2601,30,50,15),
(2602,30,51,17),
(2603,30,52,17.5),
(2604,30,53,21.5),
(2605,30,54,20),
(2606,30,55,13.5),
(2607,30,56,29),
(2608,30,57,18.5),
(2609,30,58,19.5),
(2610,30,59,13.5),
(2611,30,60,15.5),
(2612,30,61,11.5),
(2613,30,62,16),
(2614,30,63,24.5),
(2615,30,64,22),
(2616,30,65,24.5),
(2617,30,66,24),
(2618,30,67,20.5),
(2619,30,68,25.5),
(2620,30,69,32.5),
(2621,30,70,18),
(2622,30,71,17),
(2623,30,72,14),
(2624,30,73,28),
(2625,30,74,27.5),
(2626,30,75,20),
(2627,30,76,36.5),
(2628,30,77,20),
(2629,30,78,29.5),
(2630,30,79,26.5),
(2631,30,80,22.5),
(2632,30,81,9),
(2633,30,82,29),
(2634,30,83,17),
(2635,30,84,33),
(2636,31,0,19),
(2637,31,1,26),
(2638,31,2,27),
(2639,31,3,20),
(2640,31,4,41.5),
(2641,31,5,14.5),
(2642,31,6,14.5),
(2643,31,7,25.5),
(2644,31,8,22.5),
(2645,31,9,8),
(2646,31,10,13),
(2647,31,11,16.5),
(2648,31,12,19.5),
(2649,31,13,13.5),
(2650,31,14,8.5),
(2651,31,15,13.5),
(2652,31,16,27.5),
(2653,31,17,16),
(2654,31,18,19.5),
(2655,31,19,15),
(2656,31,20,15),
(2657,31,21,8),
(2658,31,22,20),
(2659,31,23,21.5),
(2660,31,24,19),
(2661,31,25,12),
(2662,31,26,16),
(2663,31,27,15),
(2664,31,28,28.5),
(2665,31,29,12),
(2666,31,30,5),
(2667,31,31,0),
(2668,31,32,14.5),
(2669,31,33,14.5),
(2670,31,34,7.5),
(2671,31,35,14.5),
(2672,31,36,7.5),
(2673,31,37,8),
(2674,31,38,12),
(2675,31,39,16),
(2676,31,40,10),
(2677,31,41,11.5),
(2678,31,42,8.5),
(2679,31,43,19.5),
(2680,31,44,10.5),
(2681,31,45,15),
(2682,31,46,11),
(2683,31,47,7.5),
(2684,31,48,12),
(2685,31,49,22.5),
(2686,31,50,17),
(2687,31,51,13),
(2688,31,52,17.5),
(2689,31,53,23.5),
(2690,31,54,18),
(2691,31,55,12.5),
(2692,31,56,28),
(2693,31,57,13.5),
(2694,31,58,19.5),
(2695,31,59,12.5),
(2696,31,60,18.5),
(2697,31,61,9.5),
(2698,31,62,14),
(2699,31,63,24.5),
(2700,31,64,20),
(2701,31,65,22.5),
(2702,31,66,22),
(2703,31,67,20.5),
(2704,31,68,27.5),
(2705,31,69,31.5),
(2706,31,70,17),
(2707,31,71,15),
(2708,31,72,12),
(2709,31,73,28),
(2710,31,74,25.5),
(2711,31,75,18),
(2712,31,76,38.5),
(2713,31,77,18),
(2714,31,78,29.5),
(2715,31,79,24.5),
(2716,31,80,21.5),
(2717,31,81,9),
(2718,31,82,26),
(2719,31,83,12),
(2720,31,84,35),
(2721,32,0,12.5),
(2722,32,1,18.5),
(2723,32,2,20.5),
(2724,32,3,11.5),
(2725,32,4,29),
(2726,32,5,23),
(2727,32,6,8),
(2728,32,7,18),
(2729,32,8,16),
(2730,32,9,16.5),
(2731,32,10,14.5),
(2732,32,11,13),
(2733,32,12,13),
(2734,32,13,16),
(2735,32,14,9),
(2736,32,15,9),
(2737,32,16,19),
(2738,32,17,10.5),
(2739,32,18,16),
(2740,32,19,14.5),
(2741,32,20,12.5),
(2742,32,21,16.5),
(2743,32,22,11.5),
(2744,32,23,11),
(2745,32,24,14.5),
(2746,32,25,8.5),
(2747,32,26,13.5),
(2748,32,27,17.5),
(2749,32,28,18),
(2750,32,29,16.5),
(2751,32,30,16.5),
(2752,32,31,14.5),
(2753,32,32,0),
(2754,32,33,8),
(2755,32,34,12),
(2756,32,35,11),
(2757,32,36,19),
(2758,32,37,19.5),
(2759,32,38,12.5),
(2760,32,39,10.5),
(2761,32,40,16.5),
(2762,32,41,12),
(2763,32,42,12),
(2764,32,43,11),
(2765,32,44,16),
(2766,32,45,20.5),
(2767,32,46,7.5),
(2768,32,47,19),
(2769,32,48,13.5),
(2770,32,49,13),
(2771,32,50,12.5),
(2772,32,51,11.5),
(2773,32,52,18),
(2774,32,53,14),
(2775,32,54,14.5),
(2776,32,55,20),
(2777,32,56,20.5),
(2778,32,57,11),
(2779,32,58,15),
(2780,32,59,11),
(2781,32,60,16),
(2782,32,61,12),
(2783,32,62,19.5),
(2784,32,63,17),
(2785,32,64,13.5),
(2786,32,65,16),
(2787,32,66,13.5),
(2788,32,67,13),
(2789,32,68,21),
(2790,32,69,25),
(2791,32,70,12.5),
(2792,32,71,20.5),
(2793,32,72,17.5),
(2794,32,73,20.5),
(2795,32,74,25),
(2796,32,75,14.5),
(2797,32,76,32),
(2798,32,77,14.5),
(2799,32,78,19),
(2800,32,79,18),
(2801,32,80,23),
(2802,32,81,12.5),
(2803,32,82,16.5),
(2804,32,83,11.5),
(2805,32,84,25.5),
(2806,33,0,8.5),
(2807,33,1,18.5),
(2808,33,2,20.5),
(2809,33,3,8.5),
(2810,33,4,31),
(2811,33,5,20),
(2812,33,6,11),
(2813,33,7,18),
(2814,33,8,18),
(2815,33,9,16.5),
(2816,33,10,14.5),
(2817,33,11,13),
(2818,33,12,15),
(2819,33,13,16),
(2820,33,14,6),
(2821,33,15,14),
(2822,33,16,20),
(2823,33,17,15.5),
(2824,33,18,16),
(2825,33,19,11.5),
(2826,33,20,11.5),
(2827,33,21,13.5),
(2828,33,22,14.5),
(2829,33,23,13),
(2830,33,24,17.5),
(2831,33,25,14.5),
(2832,33,26,15.5),
(2833,33,27,17.5),
(2834,33,28,17),
(2835,33,29,8.5),
(2836,33,30,12.5),
(2837,33,31,14.5),
(2838,33,32,8),
(2839,33,33,0),
(2840,33,34,11),
(2841,33,35,9),
(2842,33,36,16),
(2843,33,37,16.5),
(2844,33,38,12.5),
(2845,33,39,7.5),
(2846,33,40,13.5),
(2847,33,41,9),
(2848,33,42,9),
(2849,33,43,10),
(2850,33,44,13),
(2851,33,45,17.5),
(2852,33,46,13.5),
(2853,33,47,16),
(2854,33,48,12.5),
(2855,33,49,17),
(2856,33,50,15.5),
(2857,33,51,11.5),
(2858,33,52,18),
(2859,33,53,13),
(2860,33,54,14.5),
(2861,33,55,17),
(2862,33,56,20.5),
(2863,33,57,16),
(2864,33,58,14),
(2865,33,59,14),
(2866,33,60,16),
(2867,33,61,9),
(2868,33,62,16.5),
(2869,33,63,15),
(2870,33,64,16.5),
(2871,33,65,16),
(2872,33,66,15.5),
(2873,33,67,15),
(2874,33,68,17),
(2875,33,69,24),
(2876,33,70,12.5),
(2877,33,71,17.5),
(2878,33,72,14.5),
(2879,33,73,22.5),
(2880,33,74,22),
(2881,33,75,17.5),
(2882,33,76,30),
(2883,33,77,17.5),
(2884,33,78,21),
(2885,33,79,21),
(2886,33,80,20),
(2887,33,81,9.5),
(2888,33,82,20.5),
(2889,33,83,14.5),
(2890,33,84,27.5),
(2891,34,0,11.5),
(2892,34,1,20.5),
(2893,34,2,22.5),
(2894,34,3,13.5),
(2895,34,4,34),
(2896,34,5,18),
(2897,34,6,15),
(2898,34,7,22),
(2899,34,8,20),
(2900,34,9,12.5),
(2901,34,10,16.5),
(2902,34,11,18),
(2903,34,12,17),
(2904,34,13,11),
(2905,34,14,10),
(2906,34,15,12),
(2907,34,16,23),
(2908,34,17,17.5),
(2909,34,18,21),
(2910,34,19,10.5),
(2911,34,20,15.5),
(2912,34,21,12.5),
(2913,34,22,21.5),
(2914,34,23,17),
(2915,34,24,16.5),
(2916,34,25,13.5),
(2917,34,26,13.5),
(2918,34,27,19.5),
(2919,34,28,24),
(2920,34,29,8.5),
(2921,34,30,10.5),
(2922,34,31,7.5),
(2923,34,32,12),
(2924,34,33,11),
(2925,34,34,0),
(2926,34,35,10),
(2927,34,36,12),
(2928,34,37,12.5),
(2929,34,38,6.5),
(2930,34,39,11.5),
(2931,34,40,14.5),
(2932,34,41,10),
(2933,34,42,10),
(2934,34,43,14),
(2935,34,44,15),
(2936,34,45,18.5),
(2937,34,46,11.5),
(2938,34,47,12),
(2939,34,48,10.5),
(2940,34,49,15),
(2941,34,50,14.5),
(2942,34,51,9.5),
(2943,34,52,22),
(2944,34,53,20),
(2945,34,54,16.5),
(2946,34,55,16),
(2947,34,56,25.5),
(2948,34,57,15),
(2949,34,58,20),
(2950,34,59,16),
(2951,34,60,16),
(2952,34,61,11),
(2953,34,62,15.5),
(2954,34,63,24),
(2955,34,64,18.5),
(2956,34,65,18),
(2957,34,66,20.5),
(2958,34,67,19),
(2959,34,68,21),
(2960,34,69,26),
(2961,34,70,17.5),
(2962,34,71,19.5),
(2963,34,72,13.5),
(2964,34,73,24.5),
(2965,34,74,24),
(2966,34,75,19.5),
(2967,34,76,35),
(2968,34,77,19.5),
(2969,34,78,23),
(2970,34,79,20),
(2971,34,80,19),
(2972,34,81,12.5),
(2973,34,82,21.5),
(2974,34,83,10.5),
(2975,34,84,28.5),
(2976,35,0,13.5),
(2977,35,1,18.5),
(2978,35,2,20.5),
(2979,35,3,11.5),
(2980,35,4,33),
(2981,35,5,18),
(2982,35,6,9),
(2983,35,7,19),
(2984,35,8,15),
(2985,35,9,16.5),
(2986,35,10,14.5),
(2987,35,11,16),
(2988,35,12,15),
(2989,35,13,16),
(2990,35,14,9),
(2991,35,15,13),
(2992,35,16,19),
(2993,35,17,18.5),
(2994,35,18,19),
(2995,35,19,17.5),
(2996,35,20,13.5),
(2997,35,21,13.5),
(2998,35,22,17.5),
(2999,35,23,16),
(3000,35,24,14.5),
(3001,35,25,14.5),
(3002,35,26,9.5),
(3003,35,27,14.5),
(3004,35,28,22),
(3005,35,29,8.5),
(3006,35,30,12.5),
(3007,35,31,14.5),
(3008,35,32,11),
(3009,35,33,9),
(3010,35,34,10),
(3011,35,35,0),
(3012,35,36,16),
(3013,35,37,16.5),
(3014,35,38,14.5),
(3015,35,39,13.5),
(3016,35,40,13.5),
(3017,35,41,6),
(3018,35,42,9),
(3019,35,43,16),
(3020,35,44,16),
(3021,35,45,17.5),
(3022,35,46,12.5),
(3023,35,47,16),
(3024,35,48,12.5),
(3025,35,49,17),
(3026,35,50,12.5),
(3027,35,51,16.5),
(3028,35,52,15),
(3029,35,53,16),
(3030,35,54,14.5),
(3031,35,55,17),
(3032,35,56,23.5),
(3033,35,57,16),
(3034,35,58,15),
(3035,35,59,14),
(3036,35,60,11),
(3037,35,61,12),
(3038,35,62,13.5),
(3039,35,63,18),
(3040,35,64,16.5),
(3041,35,65,19),
(3042,35,66,18.5),
(3043,35,67,15),
(3044,35,68,17),
(3045,35,69,24),
(3046,35,70,15.5),
(3047,35,71,17.5),
(3048,35,72,17.5),
(3049,35,73,22.5),
(3050,35,74,22),
(3051,35,75,17.5),
(3052,35,76,30),
(3053,35,77,14.5),
(3054,35,78,21),
(3055,35,79,18),
(3056,35,80,17),
(3057,35,81,8.5),
(3058,35,82,17.5),
(3059,35,83,8.5),
(3060,35,84,24.5),
(3061,36,0,23.5),
(3062,36,1,27.5),
(3063,36,2,19.5),
(3064,36,3,21.5),
(3065,36,4,43),
(3066,36,5,7),
(3067,36,6,16),
(3068,36,7,24),
(3069,36,8,24),
(3070,36,9,6.5),
(3071,36,10,11.5),
(3072,36,11,18),
(3073,36,12,18),
(3074,36,13,15),
(3075,36,14,10),
(3076,36,15,18),
(3077,36,16,29),
(3078,36,17,20.5),
(3079,36,18,21),
(3080,36,19,16.5),
(3081,36,20,16.5),
(3082,36,21,9.5),
(3083,36,22,21.5),
(3084,36,23,20),
(3085,36,24,11.5),
(3086,36,25,16.5),
(3087,36,26,14.5),
(3088,36,27,10.5),
(3089,36,28,24),
(3090,36,29,13.5),
(3091,36,30,9.5),
(3092,36,31,7.5),
(3093,36,32,19),
(3094,36,33,16),
(3095,36,34,12),
(3096,36,35,16),
(3097,36,36,0),
(3098,36,37,0.5),
(3099,36,38,13.5),
(3100,36,39,17.5),
(3101,36,40,5.5),
(3102,36,41,10),
(3103,36,42,10),
(3104,36,43,21),
(3105,36,44,9),
(3106,36,45,7.5),
(3107,36,46,12.5),
(3108,36,47,6),
(3109,36,48,10.5),
(3110,36,49,24),
(3111,36,50,15.5),
(3112,36,51,14.5),
(3113,36,52,10),
(3114,36,53,16),
(3115,36,54,13.5),
(3116,36,55,8),
(3117,36,56,23.5),
(3118,36,57,18),
(3119,36,58,12),
(3120,36,59,11),
(3121,36,60,14),
(3122,36,61,11),
(3123,36,62,9.5),
(3124,36,63,23),
(3125,36,64,12.5),
(3126,36,65,21),
(3127,36,66,23.5),
(3128,36,67,16),
(3129,36,68,23),
(3130,36,69,27),
(3131,36,70,18.5),
(3132,36,71,10.5),
(3133,36,72,10.5),
(3134,36,73,20.5),
(3135,36,74,18),
(3136,36,75,16.5),
(3137,36,76,37),
(3138,36,77,13.5),
(3139,36,78,25),
(3140,36,79,17),
(3141,36,80,14),
(3142,36,81,7.5),
(3143,36,82,27.5),
(3144,36,83,13.5),
(3145,36,84,27.5),
(3146,37,0,24),
(3147,37,1,28),
(3148,37,2,20),
(3149,37,3,22),
(3150,37,4,43.5),
(3151,37,5,7.5),
(3152,37,6,16.5),
(3153,37,7,24.5),
(3154,37,8,24.5),
(3155,37,9,6),
(3156,37,10,11),
(3157,37,11,18.5),
(3158,37,12,18.5),
(3159,37,13,15.5),
(3160,37,14,10.5),
(3161,37,15,18.5),
(3162,37,16,29.5),
(3163,37,17,21),
(3164,37,18,21.5),
(3165,37,19,17),
(3166,37,20,17),
(3167,37,21,9),
(3168,37,22,22),
(3169,37,23,20.5),
(3170,37,24,11),
(3171,37,25,17),
(3172,37,26,15),
(3173,37,27,11),
(3174,37,28,24.5),
(3175,37,29,14),
(3176,37,30,10),
(3177,37,31,8),
(3178,37,32,19.5),
(3179,37,33,16.5),
(3180,37,34,12.5),
(3181,37,35,16.5),
(3182,37,36,0.5),
(3183,37,37,0),
(3184,37,38,14),
(3185,37,39,18),
(3186,37,40,6),
(3187,37,41,10.5),
(3188,37,42,10.5),
(3189,37,43,20.5),
(3190,37,44,9.5),
(3191,37,45,8),
(3192,37,46,13),
(3193,37,47,6.5),
(3194,37,48,11),
(3195,37,49,24.5),
(3196,37,50,16),
(3197,37,51,15),
(3198,37,52,10.5),
(3199,37,53,15.5),
(3200,37,54,14),
(3201,37,55,8.5),
(3202,37,56,23),
(3203,37,57,17.5),
(3204,37,58,12.5),
(3205,37,59,11.5),
(3206,37,60,14.5),
(3207,37,61,10.5),
(3208,37,62,9),
(3209,37,63,22.5),
(3210,37,64,12),
(3211,37,65,21.5),
(3212,37,66,24),
(3213,37,67,15.5),
(3214,37,68,23.5),
(3215,37,69,27.5),
(3216,37,70,19),
(3217,37,71,11),
(3218,37,72,11),
(3219,37,73,21),
(3220,37,74,18.5),
(3221,37,75,17),
(3222,37,76,36.5),
(3223,37,77,14),
(3224,37,78,25.5),
(3225,37,79,16.5),
(3226,37,80,14.5),
(3227,37,81,8),
(3228,37,82,28),
(3229,37,83,14),
(3230,37,84,28),
(3231,38,0,10),
(3232,38,1,26),
(3233,38,2,24),
(3234,38,3,12),
(3235,38,4,29.5),
(3236,38,5,19.5),
(3237,38,6,16.5),
(3238,38,7,24.5),
(3239,38,8,25.5),
(3240,38,9,17),
(3241,38,10,13),
(3242,38,11,16.5),
(3243,38,12,13.5),
(3244,38,13,8.5),
(3245,38,14,9.5),
(3246,38,15,12.5),
(3247,38,16,21.5),
(3248,38,17,16),
(3249,38,18,19.5),
(3250,38,19,6),
(3251,38,20,14),
(3252,38,21,17),
(3253,38,22,15),
(3254,38,23,10.5),
(3255,38,24,16),
(3256,38,25,12),
(3257,38,26,9),
(3258,38,27,24),
(3259,38,28,24.5),
(3260,38,29,15),
(3261,38,30,15),
(3262,38,31,12),
(3263,38,32,12.5),
(3264,38,33,12.5),
(3265,38,34,6.5),
(3266,38,35,14.5),
(3267,38,36,13.5),
(3268,38,37,14),
(3269,38,38,0),
(3270,38,39,8),
(3271,38,40,17),
(3272,38,41,12.5),
(3273,38,42,12.5),
(3274,38,43,11.5),
(3275,38,44,13.5),
(3276,38,45,17),
(3277,38,46,13),
(3278,38,47,16.5),
(3279,38,48,7),
(3280,38,49,12.5),
(3281,38,50,11),
(3282,38,51,6),
(3283,38,52,21.5),
(3284,38,53,21.5),
(3285,38,54,21),
(3286,38,55,21.5),
(3287,38,56,28),
(3288,38,57,13.5),
(3289,38,58,16.5),
(3290,38,59,15.5),
(3291,38,60,12.5),
(3292,38,61,9.5),
(3293,38,62,20),
(3294,38,63,21.5),
(3295,38,64,20),
(3296,38,65,16.5),
(3297,38,66,22),
(3298,38,67,18.5),
(3299,38,68,22.5),
(3300,38,69,28.5),
(3301,38,70,23),
(3302,38,71,21),
(3303,38,72,18),
(3304,38,73,28),
(3305,38,74,25.5),
(3306,38,75,21),
(3307,38,76,36.5),
(3308,38,77,21),
(3309,38,78,23.5),
(3310,38,79,21.5),
(3311,38,80,21.5),
(3312,38,81,12),
(3313,38,82,19),
(3314,38,83,12),
(3315,38,84,30),
(3316,39,0,9),
(3317,39,1,21),
(3318,39,2,19),
(3319,39,3,13),
(3320,39,4,28.5),
(3321,39,5,21.5),
(3322,39,6,15.5),
(3323,39,7,20.5),
(3324,39,8,20.5),
(3325,39,9,15),
(3326,39,10,17),
(3327,39,11,17.5),
(3328,39,12,14.5),
(3329,39,13,9.5),
(3330,39,14,10.5),
(3331,39,15,17.5),
(3332,39,16,23.5),
(3333,39,17,14),
(3334,39,18,20.5),
(3335,39,19,7),
(3336,39,20,16),
(3337,39,21,18),
(3338,39,22,13),
(3339,39,23,11.5),
(3340,39,24,17),
(3341,39,25,16),
(3342,39,26,14),
(3343,39,27,22),
(3344,39,28,20.5),
(3345,39,29,13),
(3346,39,30,19),
(3347,39,31,16),
(3348,39,32,10.5),
(3349,39,33,7.5),
(3350,39,34,11.5),
(3351,39,35,13.5),
(3352,39,36,17.5),
(3353,39,37,18),
(3354,39,38,8),
(3355,39,39,0),
(3356,39,40,18),
(3357,39,41,10.5),
(3358,39,42,13.5),
(3359,39,43,6.5),
(3360,39,44,14.5),
(3361,39,45,19),
(3362,39,46,15),
(3363,39,47,20.5),
(3364,39,48,11),
(3365,39,49,14.5),
(3366,39,50,15),
(3367,39,51,8),
(3368,39,52,19.5),
(3369,39,53,16.5),
(3370,39,54,19),
(3371,39,55,22.5),
(3372,39,56,23),
(3373,39,57,14.5),
(3374,39,58,15.5),
(3375,39,59,16.5),
(3376,39,60,14.5),
(3377,39,61,13.5),
(3378,39,62,18),
(3379,39,63,19.5),
(3380,39,64,18),
(3381,39,65,17.5),
(3382,39,66,17),
(3383,39,67,16.5),
(3384,39,68,17.5),
(3385,39,69,23.5),
(3386,39,70,18),
(3387,39,71,19),
(3388,39,72,19),
(3389,39,73,26),
(3390,39,74,20.5),
(3391,39,75,19),
(3392,39,76,31.5),
(3393,39,77,19),
(3394,39,78,21.5),
(3395,39,79,19.5),
(3396,39,80,19.5),
(3397,39,81,11),
(3398,39,82,15),
(3399,39,83,10),
(3400,39,84,28),
(3401,40,0,21),
(3402,40,1,27),
(3403,40,2,22),
(3404,40,3,19),
(3405,40,4,43.5),
(3406,40,5,6.5),
(3407,40,6,12.5),
(3408,40,7,26.5),
(3409,40,8,23.5),
(3410,40,9,6),
(3411,40,10,11),
(3412,40,11,17.5),
(3413,40,12,20.5),
(3414,40,13,15.5),
(3415,40,14,7.5),
(3416,40,15,17.5),
(3417,40,16,26.5),
(3418,40,17,20),
(3419,40,18,20.5),
(3420,40,19,19),
(3421,40,20,16),
(3422,40,21,6),
(3423,40,22,22),
(3424,40,23,20.5),
(3425,40,24,14),
(3426,40,25,16),
(3427,40,26,17),
(3428,40,27,10),
(3429,40,28,26.5),
(3430,40,29,16),
(3431,40,30,7),
(3432,40,31,10),
(3433,40,32,16.5),
(3434,40,33,13.5),
(3435,40,34,14.5),
(3436,40,35,13.5),
(3437,40,36,5.5),
(3438,40,37,6),
(3439,40,38,17),
(3440,40,39,18),
(3441,40,40,0),
(3442,40,41,7.5),
(3443,40,42,4.5),
(3444,40,43,21.5),
(3445,40,44,8.5),
(3446,40,45,10),
(3447,40,46,12),
(3448,40,47,5.5),
(3449,40,48,14),
(3450,40,49,26.5),
(3451,40,50,15),
(3452,40,51,17),
(3453,40,52,10.5),
(3454,40,53,16.5),
(3455,40,54,13),
(3456,40,55,7.5),
(3457,40,56,23),
(3458,40,57,17.5),
(3459,40,58,12.5),
(3460,40,59,13.5),
(3461,40,60,11.5),
(3462,40,61,10.5),
(3463,40,62,9),
(3464,40,63,25.5),
(3465,40,64,15),
(3466,40,65,20.5),
(3467,40,66,23),
(3468,40,67,16.5),
(3469,40,68,23.5),
(3470,40,69,29.5),
(3471,40,70,18),
(3472,40,71,13),
(3473,40,72,13),
(3474,40,73,23),
(3475,40,74,20.5),
(3476,40,75,19),
(3477,40,76,37.5),
(3478,40,77,16),
(3479,40,78,27.5),
(3480,40,79,19.5),
(3481,40,80,16.5),
(3482,40,81,8),
(3483,40,82,30),
(3484,40,83,16),
(3485,40,84,28),
(3486,41,0,13.5),
(3487,41,1,19.5),
(3488,41,2,17.5),
(3489,41,3,11.5),
(3490,41,4,36),
(3491,41,5,14),
(3492,41,6,11),
(3493,41,7,22),
(3494,41,8,16),
(3495,41,9,10.5),
(3496,41,10,15.5),
(3497,41,11,16),
(3498,41,12,16),
(3499,41,13,14),
(3500,41,14,6),
(3501,41,15,16),
(3502,41,16,22),
(3503,41,17,18.5),
(3504,41,18,19),
(3505,41,19,14.5),
(3506,41,20,14.5),
(3507,41,21,7.5),
(3508,41,22,17.5),
(3509,41,23,16),
(3510,41,24,12.5),
(3511,41,25,14.5),
(3512,41,26,12.5),
(3513,41,27,11.5),
(3514,41,28,22),
(3515,41,29,8.5),
(3516,41,30,11.5),
(3517,41,31,11.5),
(3518,41,32,12),
(3519,41,33,9),
(3520,41,34,10),
(3521,41,35,6),
(3522,41,36,10),
(3523,41,37,10.5),
(3524,41,38,12.5),
(3525,41,39,10.5),
(3526,41,40,7.5),
(3527,41,41,0),
(3528,41,42,6),
(3529,41,43,14),
(3530,41,44,13),
(3531,41,45,14.5),
(3532,41,46,10.5),
(3533,41,47,10),
(3534,41,48,9.5),
(3535,41,49,22),
(3536,41,50,13.5),
(3537,41,51,15.5),
(3538,41,52,12),
(3539,41,53,15),
(3540,41,54,11.5),
(3541,41,55,12),
(3542,41,56,21.5),
(3543,41,57,16),
(3544,41,58,14),
(3545,41,59,15),
(3546,41,60,10),
(3547,41,61,9),
(3548,41,62,7.5),
(3549,41,63,21),
(3550,41,64,13.5),
(3551,41,65,16),
(3552,41,66,18.5),
(3553,41,67,12),
(3554,41,68,16),
(3555,41,69,22),
(3556,41,70,16.5),
(3557,41,71,11.5),
(3558,41,72,11.5),
(3559,41,73,21.5),
(3560,41,74,19),
(3561,41,75,17.5),
(3562,41,76,33),
(3563,41,77,11.5),
(3564,41,78,20),
(3565,41,79,15),
(3566,41,80,12),
(3567,41,81,6.5),
(3568,41,82,22.5),
(3569,41,83,8.5),
(3570,41,84,23.5),
(3571,42,0,16.5),
(3572,42,1,22.5),
(3573,42,2,23.5),
(3574,42,3,14.5),
(3575,42,4,39),
(3576,42,5,11),
(3577,42,6,8),
(3578,42,7,22),
(3579,42,8,19),
(3580,42,9,10.5),
(3581,42,10,9.5),
(3582,42,11,13),
(3583,42,12,16),
(3584,42,13,11),
(3585,42,14,3),
(3586,42,15,13),
(3587,42,16,22),
(3588,42,17,15.5),
(3589,42,18,16),
(3590,42,19,14.5),
(3591,42,20,11.5),
(3592,42,21,4.5),
(3593,42,22,17.5),
(3594,42,23,16),
(3595,42,24,15.5),
(3596,42,25,11.5),
(3597,42,26,12.5),
(3598,42,27,14.5),
(3599,42,28,25),
(3600,42,29,11.5),
(3601,42,30,5.5),
(3602,42,31,8.5),
(3603,42,32,12),
(3604,42,33,9),
(3605,42,34,10),
(3606,42,35,9),
(3607,42,36,10),
(3608,42,37,10.5),
(3609,42,38,12.5),
(3610,42,39,13.5),
(3611,42,40,4.5),
(3612,42,41,6),
(3613,42,42,0),
(3614,42,43,17),
(3615,42,44,7),
(3616,42,45,14.5),
(3617,42,46,10.5),
(3618,42,47,7),
(3619,42,48,9.5),
(3620,42,49,22),
(3621,42,50,10.5),
(3622,42,51,12.5),
(3623,42,52,15),
(3624,42,53,18),
(3625,42,54,14.5),
(3626,42,55,12),
(3627,42,56,27.5),
(3628,42,57,16),
(3629,42,58,14),
(3630,42,59,12),
(3631,42,60,10),
(3632,42,61,6),
(3633,42,62,13.5),
(3634,42,63,21),
(3635,42,64,16.5),
(3636,42,65,19),
(3637,42,66,21.5),
(3638,42,67,15),
(3639,42,68,22),
(3640,42,69,28),
(3641,42,70,16.5),
(3642,42,71,14.5),
(3643,42,72,14.5),
(3644,42,73,24.5),
(3645,42,74,25),
(3646,42,75,17.5),
(3647,42,76,36),
(3648,42,77,14.5),
(3649,42,78,26),
(3650,42,79,21),
(3651,42,80,18),
(3652,42,81,6.5),
(3653,42,82,25.5),
(3654,42,83,11.5),
(3655,42,84,29.5),
(3656,43,0,8.5),
(3657,43,1,20.5),
(3658,43,2,19.5),
(3659,43,3,13.5),
(3660,43,4,28),
(3661,43,5,25),
(3662,43,6,19),
(3663,43,7,23),
(3664,43,8,18),
(3665,43,9,20.5),
(3666,43,10,18.5),
(3667,43,11,18),
(3668,43,12,12),
(3669,43,13,15),
(3670,43,14,14),
(3671,43,15,20),
(3672,43,16,21),
(3673,43,17,18.5),
(3674,43,18,21),
(3675,43,19,10.5),
(3676,43,20,14.5),
(3677,43,21,20.5),
(3678,43,22,16.5),
(3679,43,23,10),
(3680,43,24,18.5),
(3681,43,25,19.5),
(3682,43,26,15.5),
(3683,43,27,25.5),
(3684,43,28,23),
(3685,43,29,15.5),
(3686,43,30,21.5),
(3687,43,31,19.5),
(3688,43,32,11),
(3689,43,33,10),
(3690,43,34,14),
(3691,43,35,16),
(3692,43,36,21),
(3693,43,37,20.5),
(3694,43,38,11.5),
(3695,43,39,6.5),
(3696,43,40,21.5),
(3697,43,41,14),
(3698,43,42,17),
(3699,43,43,0),
(3700,43,44,15),
(3701,43,45,19.5),
(3702,43,46,18.5),
(3703,43,47,24),
(3704,43,48,12.5),
(3705,43,49,15),
(3706,43,50,17.5),
(3707,43,51,13.5),
(3708,43,52,23),
(3709,43,53,18),
(3710,43,54,22.5),
(3711,43,55,25),
(3712,43,56,24.5),
(3713,43,57,15),
(3714,43,58,14),
(3715,43,59,19),
(3716,43,60,15),
(3717,43,61,16),
(3718,43,62,20.5),
(3719,43,63,18),
(3720,43,64,20.5),
(3721,43,65,18),
(3722,43,66,18.5),
(3723,43,67,17),
(3724,43,68,17),
(3725,43,69,18),
(3726,43,70,20.5),
(3727,43,71,22.5),
(3728,43,72,22.5),
(3729,43,73,25.5),
(3730,43,74,21),
(3731,43,75,19.5),
(3732,43,76,30),
(3733,43,77,19.5),
(3734,43,78,21),
(3735,43,79,22),
(3736,43,80,22),
(3737,43,81,14.5),
(3738,43,82,15.5),
(3739,43,83,10.5),
(3740,43,84,27.5),
(3741,44,0,20.5),
(3742,44,1,27.5),
(3743,44,2,25.5),
(3744,44,3,18.5),
(3745,44,4,40),
(3746,44,5,10),
(3747,44,6,10),
(3748,44,7,24),
(3749,44,8,24),
(3750,44,9,12.5),
(3751,44,10,5.5),
(3752,44,11,15),
(3753,44,12,15),
(3754,44,13,12),
(3755,44,14,7),
(3756,44,15,15),
(3757,44,16,26),
(3758,44,17,17.5),
(3759,44,18,18),
(3760,44,19,13.5),
(3761,44,20,13.5),
(3762,44,21,9.5),
(3763,44,22,18.5),
(3764,44,23,17),
(3765,44,24,14.5),
(3766,44,25,13.5),
(3767,44,26,11.5),
(3768,44,27,16.5),
(3769,44,28,24),
(3770,44,29,16.5),
(3771,44,30,9.5),
(3772,44,31,10.5),
(3773,44,32,16),
(3774,44,33,13),
(3775,44,34,15),
(3776,44,35,16),
(3777,44,36,9),
(3778,44,37,9.5),
(3779,44,38,13.5),
(3780,44,39,14.5),
(3781,44,40,8.5),
(3782,44,41,13),
(3783,44,42,7),
(3784,44,43,15),
(3785,44,44,0),
(3786,44,45,7.5),
(3787,44,46,12.5),
(3788,44,47,9),
(3789,44,48,10.5),
(3790,44,49,21),
(3791,44,50,9.5),
(3792,44,51,11.5),
(3793,44,52,16),
(3794,44,53,22),
(3795,44,54,19.5),
(3796,44,55,14),
(3797,44,56,26.5),
(3798,44,57,15),
(3799,44,58,12),
(3800,44,59,8),
(3801,44,60,8),
(3802,44,61,8),
(3803,44,62,15.5),
(3804,44,63,20),
(3805,44,64,18.5),
(3806,44,65,21),
(3807,44,66,20.5),
(3808,44,67,19),
(3809,44,68,23),
(3810,44,69,27),
(3811,44,70,18.5),
(3812,44,71,13.5),
(3813,44,72,16.5),
(3814,44,73,23.5),
(3815,44,74,21),
(3816,44,75,13.5),
(3817,44,76,34),
(3818,44,77,13.5),
(3819,44,78,22),
(3820,44,79,23),
(3821,44,80,20),
(3822,44,81,7.5),
(3823,44,82,24.5),
(3824,44,83,10.5),
(3825,44,84,30.5),
(3826,45,0,24),
(3827,45,1,32),
(3828,45,2,24),
(3829,45,3,23),
(3830,45,4,43.5),
(3831,45,5,9.5),
(3832,45,6,12.5),
(3833,45,7,26.5),
(3834,45,8,28.5),
(3835,45,9,14),
(3836,45,10,13),
(3837,45,11,22.5),
(3838,45,12,22.5),
(3839,45,13,16.5),
(3840,45,14,14.5),
(3841,45,15,21.5),
(3842,45,16,32.5),
(3843,45,17,25),
(3844,45,18,25.5),
(3845,45,19,21),
(3846,45,20,20),
(3847,45,21,14),
(3848,45,22,23),
(3849,45,23,24.5),
(3850,45,24,16),
(3851,45,25,21),
(3852,45,26,16),
(3853,45,27,15),
(3854,45,28,24.5),
(3855,45,29,18),
(3856,45,30,14),
(3857,45,31,15),
(3858,45,32,20.5),
(3859,45,33,17.5),
(3860,45,34,18.5),
(3861,45,35,17.5),
(3862,45,36,7.5),
(3863,45,37,8),
(3864,45,38,17),
(3865,45,39,19),
(3866,45,40,10),
(3867,45,41,14.5),
(3868,45,42,14.5),
(3869,45,43,19.5),
(3870,45,44,7.5),
(3871,45,45,0),
(3872,45,46,16),
(3873,45,47,10.5),
(3874,45,48,15),
(3875,45,49,25.5),
(3876,45,50,17),
(3877,45,51,18),
(3878,45,52,14.5),
(3879,45,53,20.5),
(3880,45,54,18),
(3881,45,55,15.5),
(3882,45,56,25),
(3883,45,57,22.5),
(3884,45,58,11.5),
(3885,45,59,15.5),
(3886,45,60,10.5),
(3887,45,61,15.5),
(3888,45,62,14),
(3889,45,63,24.5),
(3890,45,64,17),
(3891,45,65,25.5),
(3892,45,66,25),
(3893,45,67,20.5),
(3894,45,68,24.5),
(3895,45,69,28.5),
(3896,45,70,23),
(3897,45,71,15),
(3898,45,72,15),
(3899,45,73,22),
(3900,45,74,19.5),
(3901,45,75,18),
(3902,45,76,38.5),
(3903,45,77,15),
(3904,45,78,23.5),
(3905,45,79,21.5),
(3906,45,80,18.5),
(3907,45,81,11),
(3908,45,82,26),
(3909,45,83,15),
(3910,45,84,29),
(3911,46,0,17),
(3912,46,1,22),
(3913,46,2,20),
(3914,46,3,19),
(3915,46,4,33.5),
(3916,46,5,15.5),
(3917,46,6,6.5),
(3918,46,7,20.5),
(3919,46,8,18.5),
(3920,46,9,10),
(3921,46,10,12),
(3922,46,11,9.5),
(3923,46,12,12.5),
(3924,46,13,15.5),
(3925,46,14,7.5),
(3926,46,15,5.5),
(3927,46,16,19.5),
(3928,46,17,9),
(3929,46,18,12.5),
(3930,46,19,14),
(3931,46,20,10),
(3932,46,21,10),
(3933,46,22,13),
(3934,46,23,14.5),
(3935,46,24,9),
(3936,46,25,5),
(3937,46,26,11),
(3938,46,27,14),
(3939,46,28,17.5),
(3940,46,29,17),
(3941,46,30,16),
(3942,46,31,11),
(3943,46,32,7.5),
(3944,46,33,13.5),
(3945,46,34,11.5),
(3946,46,35,12.5),
(3947,46,36,12.5),
(3948,46,37,13),
(3949,46,38,13),
(3950,46,39,15),
(3951,46,40,12),
(3952,46,41,10.5),
(3953,46,42,10.5),
(3954,46,43,18.5),
(3955,46,44,12.5),
(3956,46,45,16),
(3957,46,46,0),
(3958,46,47,12.5),
(3959,46,48,14),
(3960,46,49,14.5),
(3961,46,50,10),
(3962,46,51,11),
(3963,46,52,16.5),
(3964,46,53,16.5),
(3965,46,54,14),
(3966,46,55,14.5),
(3967,46,56,21),
(3968,46,57,9.5),
(3969,46,58,11.5),
(3970,46,59,8.5),
(3971,46,60,10.5),
(3972,46,61,8.5),
(3973,46,62,16),
(3974,46,63,17.5),
(3975,46,64,13),
(3976,46,65,12.5),
(3977,46,66,18),
(3978,46,67,16.5),
(3979,46,68,23.5),
(3980,46,69,27.5),
(3981,46,70,16),
(3982,46,71,17),
(3983,46,72,17),
(3984,46,73,21),
(3985,46,74,24.5),
(3986,46,75,17),
(3987,46,76,37.5),
(3988,46,77,11),
(3989,46,78,19.5),
(3990,46,79,17.5),
(3991,46,80,20.5),
(3992,46,81,13),
(3993,46,82,18),
(3994,46,83,11),
(3995,46,84,28),
(3996,47,0,23.5),
(3997,47,1,27.5),
(3998,47,2,25.5),
(3999,47,3,21.5),
(4000,47,4,46),
(4001,47,5,10),
(4002,47,6,13),
(4003,47,7,27),
(4004,47,8,24),
(4005,47,9,9.5),
(4006,47,10,11.5),
(4007,47,11,18),
(4008,47,12,21),
(4009,47,13,15),
(4010,47,14,10),
(4011,47,15,18),
(4012,47,16,29),
(4013,47,17,20.5),
(4014,47,18,21),
(4015,47,19,19.5),
(4016,47,20,16.5),
(4017,47,21,6.5),
(4018,47,22,24.5),
(4019,47,23,23),
(4020,47,24,17.5),
(4021,47,25,16.5),
(4022,47,26,17.5),
(4023,47,27,10.5),
(4024,47,28,27),
(4025,47,29,13.5),
(4026,47,30,6.5),
(4027,47,31,7.5),
(4028,47,32,19),
(4029,47,33,16),
(4030,47,34,12),
(4031,47,35,16),
(4032,47,36,6),
(4033,47,37,6.5),
(4034,47,38,16.5),
(4035,47,39,20.5),
(4036,47,40,5.5),
(4037,47,41,10),
(4038,47,42,7),
(4039,47,43,24),
(4040,47,44,9),
(4041,47,45,10.5),
(4042,47,46,12.5),
(4043,47,47,0),
(4044,47,48,13.5),
(4045,47,49,27),
(4046,47,50,15.5),
(4047,47,51,17.5),
(4048,47,52,13),
(4049,47,53,22),
(4050,47,54,16.5),
(4051,47,55,8),
(4052,47,56,26.5),
(4053,47,57,18),
(4054,47,58,18),
(4055,47,59,14),
(4056,47,60,14),
(4057,47,61,11),
(4058,47,62,12.5),
(4059,47,63,26),
(4060,47,64,18.5),
(4061,47,65,21),
(4062,47,66,23.5),
(4063,47,67,19),
(4064,47,68,26),
(4065,47,69,30),
(4066,47,70,18.5),
(4067,47,71,13.5),
(4068,47,72,10.5),
(4069,47,73,26.5),
(4070,47,74,24),
(4071,47,75,19.5),
(4072,47,76,40),
(4073,47,77,16.5),
(4074,47,78,28),
(4075,47,79,23),
(4076,47,80,20),
(4077,47,81,10.5),
(4078,47,82,30.5),
(4079,47,83,16.5),
(4080,47,84,33.5),
(4081,48,0,17),
(4082,48,1,26),
(4083,48,2,24),
(4084,48,3,13),
(4085,48,4,36.5),
(4086,48,5,17.5),
(4087,48,6,14.5),
(4088,48,7,25.5),
(4089,48,8,20.5),
(4090,48,9,17),
(4091,48,10,13),
(4092,48,11,16.5),
(4093,48,12,11.5),
(4094,48,13,8.5),
(4095,48,14,6.5),
(4096,48,15,16.5),
(4097,48,16,20.5),
(4098,48,17,17),
(4099,48,18,19.5),
(4100,48,19,12),
(4101,48,20,13),
(4102,48,21,14),
(4103,48,22,16),
(4104,48,23,11.5),
(4105,48,24,13),
(4106,48,25,15),
(4107,48,26,8),
(4108,48,27,21),
(4109,48,28,25.5),
(4110,48,29,12),
(4111,48,30,12),
(4112,48,31,12),
(4113,48,32,13.5),
(4114,48,33,12.5),
(4115,48,34,10.5),
(4116,48,35,12.5),
(4117,48,36,10.5),
(4118,48,37,11),
(4119,48,38,7),
(4120,48,39,11),
(4121,48,40,14),
(4122,48,41,9.5),
(4123,48,42,9.5),
(4124,48,43,12.5),
(4125,48,44,10.5),
(4126,48,45,15),
(4127,48,46,14),
(4128,48,47,13.5),
(4129,48,48,0),
(4130,48,49,17.5),
(4131,48,50,11),
(4132,48,51,13),
(4133,48,52,18.5),
(4134,48,53,21.5),
(4135,48,54,21),
(4136,48,55,18.5),
(4137,48,56,28),
(4138,48,57,14.5),
(4139,48,58,12.5),
(4140,48,59,12.5),
(4141,48,60,10.5),
(4142,48,61,9.5),
(4143,48,62,17),
(4144,48,63,21.5),
(4145,48,64,20),
(4146,48,65,19.5),
(4147,48,66,20),
(4148,48,67,16.5),
(4149,48,68,22.5),
(4150,48,69,26.5),
(4151,48,70,23),
(4152,48,71,18),
(4153,48,72,18),
(4154,48,73,28),
(4155,48,74,25.5),
(4156,48,75,21),
(4157,48,76,34.5),
(4158,48,77,18),
(4159,48,78,23.5),
(4160,48,79,21.5),
(4161,48,80,18.5),
(4162,48,81,10),
(4163,48,82,21),
(4164,48,83,12),
(4165,48,84,30),
(4166,49,0,14.5),
(4167,49,1,20.5),
(4168,49,2,19.5),
(4169,49,3,17.5),
(4170,49,4,25),
(4171,49,5,26),
(4172,49,6,17),
(4173,49,7,18),
(4174,49,8,18),
(4175,49,9,24.5),
(4176,49,10,16.5),
(4177,49,11,12),
(4178,49,12,9),
(4179,49,13,20),
(4180,49,14,19),
(4181,49,15,12),
(4182,49,16,15),
(4183,49,17,9.5),
(4184,49,18,15),
(4185,49,19,10.5),
(4186,49,20,13.5),
(4187,49,21,24.5),
(4188,49,22,15.5),
(4189,49,23,9),
(4190,49,24,13.5),
(4191,49,25,10.5),
(4192,49,26,9.5),
(4193,49,27,28.5),
(4194,49,28,18),
(4195,49,29,20.5),
(4196,49,30,25.5),
(4197,49,31,22.5),
(4198,49,32,13),
(4199,49,33,17),
(4200,49,34,15),
(4201,49,35,17),
(4202,49,36,24),
(4203,49,37,24.5),
(4204,49,38,12.5),
(4205,49,39,14.5),
(4206,49,40,26.5),
(4207,49,41,22),
(4208,49,42,22),
(4209,49,43,15),
(4210,49,44,21),
(4211,49,45,25.5),
(4212,49,46,14.5),
(4213,49,47,27),
(4214,49,48,17.5),
(4215,49,49,0),
(4216,49,50,11.5),
(4217,49,51,12.5),
(4218,49,52,28),
(4219,49,53,20),
(4220,49,54,25.5),
(4221,49,55,28),
(4222,49,56,22.5),
(4223,49,57,10),
(4224,49,58,17),
(4225,49,59,13),
(4226,49,60,18),
(4227,49,61,17),
(4228,49,62,27.5),
(4229,49,63,15),
(4230,49,64,21.5),
(4231,49,65,15),
(4232,49,66,15.5),
(4233,49,67,23),
(4234,49,68,24),
(4235,49,69,27),
(4236,49,70,20.5),
(4237,49,71,28.5),
(4238,49,72,28.5),
(4239,49,73,24.5),
(4240,49,74,27),
(4241,49,75,22.5),
(4242,49,76,32),
(4243,49,77,22.5),
(4244,49,78,20),
(4245,49,79,23),
(4246,49,80,28),
(4247,49,81,21.5),
(4248,49,82,8.5),
(4249,49,83,16.5),
(4250,49,84,28.5),
(4251,50,0,17),
(4252,50,1,21),
(4253,50,2,20),
(4254,50,3,15),
(4255,50,4,30.5),
(4256,50,5,16.5),
(4257,50,6,7.5),
(4258,50,7,20.5),
(4259,50,8,17.5),
(4260,50,9,19),
(4261,50,10,5),
(4262,50,11,9.5),
(4263,50,12,5.5),
(4264,50,13,11.5),
(4265,50,14,10.5),
(4266,50,15,8.5),
(4267,50,16,16.5),
(4268,50,17,12),
(4269,50,18,12.5),
(4270,50,19,11),
(4271,50,20,11),
(4272,50,21,13),
(4273,50,22,13),
(4274,50,23,8.5),
(4275,50,24,8),
(4276,50,25,8),
(4277,50,26,6),
(4278,50,27,20),
(4279,50,28,20.5),
(4280,50,29,16),
(4281,50,30,15),
(4282,50,31,17),
(4283,50,32,12.5),
(4284,50,33,15.5),
(4285,50,34,14.5),
(4286,50,35,12.5),
(4287,50,36,15.5),
(4288,50,37,16),
(4289,50,38,11),
(4290,50,39,15),
(4291,50,40,15),
(4292,50,41,13.5),
(4293,50,42,10.5),
(4294,50,43,17.5),
(4295,50,44,9.5),
(4296,50,45,17),
(4297,50,46,10),
(4298,50,47,15.5),
(4299,50,48,11),
(4300,50,49,11.5),
(4301,50,50,0),
(4302,50,51,11),
(4303,50,52,19.5),
(4304,50,53,18.5),
(4305,50,54,20),
(4306,50,55,19.5),
(4307,50,56,23),
(4308,50,57,9.5),
(4309,50,58,15.5),
(4310,50,59,7.5),
(4311,50,60,8.5),
(4312,50,61,8.5),
(4313,50,62,19),
(4314,50,63,13.5),
(4315,50,64,16),
(4316,50,65,12.5),
(4317,50,66,18),
(4318,50,67,19.5),
(4319,50,68,22.5),
(4320,50,69,26.5),
(4321,50,70,18),
(4322,50,71,20),
(4323,50,72,23),
(4324,50,73,23),
(4325,50,74,24.5),
(4326,50,75,17),
(4327,50,76,33.5),
(4328,50,77,14),
(4329,50,78,18.5),
(4330,50,79,17.5),
(4331,50,80,19.5),
(4332,50,81,14),
(4333,50,82,15),
(4334,50,83,11),
(4335,50,84,27),
(4336,51,0,12),
(4337,51,1,26),
(4338,51,2,25),
(4339,51,3,14),
(4340,51,4,31.5),
(4341,51,5,17.5),
(4342,51,6,14.5),
(4343,51,7,21.5),
(4344,51,8,25.5),
(4345,51,9,12),
(4346,51,10,10),
(4347,51,11,14.5),
(4348,51,12,13.5),
(4349,51,13,10.5),
(4350,51,14,9.5),
(4351,51,15,9.5),
(4352,51,16,23.5),
(4353,51,17,11),
(4354,51,18,17.5),
(4355,51,19,7),
(4356,51,20,12),
(4357,51,21,15),
(4358,51,22,15),
(4359,51,23,13.5),
(4360,51,24,16),
(4361,51,25,10),
(4362,51,26,10),
(4363,51,27,22),
(4364,51,28,21.5),
(4365,51,29,18),
(4366,51,30,17),
(4367,51,31,13),
(4368,51,32,11.5),
(4369,51,33,11.5),
(4370,51,34,9.5),
(4371,51,35,16.5),
(4372,51,36,14.5),
(4373,51,37,15),
(4374,51,38,6),
(4375,51,39,8),
(4376,51,40,17),
(4377,51,41,15.5),
(4378,51,42,12.5),
(4379,51,43,13.5),
(4380,51,44,11.5),
(4381,51,45,18),
(4382,51,46,11),
(4383,51,47,17.5),
(4384,51,48,13),
(4385,51,49,12.5),
(4386,51,50,11),
(4387,51,51,0),
(4388,51,52,21.5),
(4389,51,53,20.5),
(4390,51,54,19),
(4391,51,55,18.5),
(4392,51,56,28),
(4393,51,57,14.5),
(4394,51,58,16.5),
(4395,51,59,12.5),
(4396,51,60,15.5),
(4397,51,61,7.5),
(4398,51,62,21),
(4399,51,63,18.5),
(4400,51,64,18),
(4401,51,65,17.5),
(4402,51,66,23),
(4403,51,67,18.5),
(4404,51,68,24.5),
(4405,51,69,28.5),
(4406,51,70,20),
(4407,51,71,19),
(4408,51,72,19),
(4409,51,73,25),
(4410,51,74,26.5),
(4411,51,75,19),
(4412,51,76,38.5),
(4413,51,77,19),
(4414,51,78,23.5),
(4415,51,79,22.5),
(4416,51,80,21.5),
(4417,51,81,12),
(4418,51,82,16),
(4419,51,83,13),
(4420,51,84,32),
(4421,52,0,25.5),
(4422,52,1,22.5),
(4423,52,2,14.5),
(4424,52,3,20.5),
(4425,52,4,36),
(4426,52,5,8),
(4427,52,6,17),
(4428,52,7,19),
(4429,52,8,19),
(4430,52,9,13.5),
(4431,52,10,15.5),
(4432,52,11,22),
(4433,52,12,22),
(4434,52,13,23),
(4435,52,14,15),
(4436,52,15,22),
(4437,52,16,31),
(4438,52,17,24.5),
(4439,52,18,25),
(4440,52,19,23.5),
(4441,52,20,20.5),
(4442,52,21,16.5),
(4443,52,22,20.5),
(4444,52,23,22),
(4445,52,24,15.5),
(4446,52,25,20.5),
(4447,52,26,18.5),
(4448,52,27,2.5),
(4449,52,28,19),
(4450,52,29,17.5),
(4451,52,30,17.5),
(4452,52,31,17.5),
(4453,52,32,18),
(4454,52,33,18),
(4455,52,34,22),
(4456,52,35,15),
(4457,52,36,10),
(4458,52,37,10.5),
(4459,52,38,21.5),
(4460,52,39,19.5),
(4461,52,40,10.5),
(4462,52,41,12),
(4463,52,42,15),
(4464,52,43,23),
(4465,52,44,16),
(4466,52,45,14.5),
(4467,52,46,16.5),
(4468,52,47,13),
(4469,52,48,18.5),
(4470,52,49,28),
(4471,52,50,19.5),
(4472,52,51,21.5),
(4473,52,52,0),
(4474,52,53,9),
(4475,52,54,8.5),
(4476,52,55,6),
(4477,52,56,18.5),
(4478,52,57,22),
(4479,52,58,14),
(4480,52,59,15),
(4481,52,60,16),
(4482,52,61,18),
(4483,52,62,7.5),
(4484,52,63,24),
(4485,52,64,7.5),
(4486,52,65,25),
(4487,52,66,18.5),
(4488,52,67,9),
(4489,52,68,16),
(4490,52,69,22),
(4491,52,70,13.5),
(4492,52,71,8.5),
(4493,52,72,11.5),
(4494,52,73,15.5),
(4495,52,74,13),
(4496,52,75,11.5),
(4497,52,76,30),
(4498,52,77,8.5),
(4499,52,78,20),
(4500,52,79,12),
(4501,52,80,12),
(4502,52,81,9.5),
(4503,52,82,28.5),
(4504,52,83,14.5),
(4505,52,84,20.5),
(4506,53,0,20.5),
(4507,53,1,15.5),
(4508,53,2,8.5),
(4509,53,3,18.5),
(4510,53,4,28),
(4511,53,5,14),
(4512,53,6,17),
(4513,53,7,12),
(4514,53,8,15),
(4515,53,9,18.5),
(4516,53,10,19.5),
(4517,53,11,19),
(4518,53,12,18),
(4519,53,13,25),
(4520,53,14,18),
(4521,53,15,20),
(4522,53,16,26),
(4523,53,17,21.5),
(4524,53,18,22),
(4525,53,19,20.5),
(4526,53,20,20.5),
(4527,53,21,18.5),
(4528,53,22,17.5),
(4529,53,23,16),
(4530,53,24,13.5),
(4531,53,25,20.5),
(4532,53,26,21.5),
(4533,53,27,11.5),
(4534,53,28,11),
(4535,53,29,15.5),
(4536,53,30,21.5),
(4537,53,31,23.5),
(4538,53,32,14),
(4539,53,33,13),
(4540,53,34,20),
(4541,53,35,16),
(4542,53,36,16),
(4543,53,37,15.5),
(4544,53,38,21.5),
(4545,53,39,16.5),
(4546,53,40,16.5),
(4547,53,41,15),
(4548,53,42,18),
(4549,53,43,18),
(4550,53,44,22),
(4551,53,45,20.5),
(4552,53,46,16.5),
(4553,53,47,22),
(4554,53,48,21.5),
(4555,53,49,20),
(4556,53,50,18.5),
(4557,53,51,20.5),
(4558,53,52,9),
(4559,53,53,0),
(4560,53,54,8.5),
(4561,53,55,14),
(4562,53,56,13.5),
(4563,53,57,21),
(4564,53,58,14),
(4565,53,59,17),
(4566,53,60,19),
(4567,53,61,20),
(4568,53,62,12.5),
(4569,53,63,18),
(4570,53,64,3.5),
(4571,53,65,19),
(4572,53,66,15.5),
(4573,53,67,8),
(4574,53,68,11),
(4575,53,69,18),
(4576,53,70,9.5),
(4577,53,71,14.5),
(4578,53,72,14.5),
(4579,53,73,10.5),
(4580,53,74,13),
(4581,53,75,11.5),
(4582,53,76,24),
(4583,53,77,8.5),
(4584,53,78,15),
(4585,53,79,8),
(4586,53,80,14),
(4587,53,81,15.5),
(4588,53,82,23.5),
(4589,53,83,17.5),
(4590,53,84,15.5),
(4591,54,0,22),
(4592,54,1,14),
(4593,54,2,9),
(4594,54,3,14),
(4595,54,4,32.5),
(4596,54,5,11.5),
(4597,54,6,14.5),
(4598,54,7,13.5),
(4599,54,8,16.5),
(4600,54,9,14),
(4601,54,10,19),
(4602,54,11,19.5),
(4603,54,12,22.5),
(4604,54,13,25.5),
(4605,54,14,14.5),
(4606,54,15,19.5),
(4607,54,16,30.5),
(4608,54,17,22),
(4609,54,18,22.5),
(4610,54,19,18),
(4611,54,20,18),
(4612,54,21,14),
(4613,54,22,23),
(4614,54,23,21.5),
(4615,54,24,16),
(4616,54,25,18),
(4617,54,26,19),
(4618,54,27,6),
(4619,54,28,13.5),
(4620,54,29,15),
(4621,54,30,20),
(4622,54,31,18),
(4623,54,32,14.5),
(4624,54,33,14.5),
(4625,54,34,16.5),
(4626,54,35,14.5),
(4627,54,36,13.5),
(4628,54,37,14),
(4629,54,38,21),
(4630,54,39,19),
(4631,54,40,13),
(4632,54,41,11.5),
(4633,54,42,14.5),
(4634,54,43,22.5),
(4635,54,44,19.5),
(4636,54,45,18),
(4637,54,46,14),
(4638,54,47,16.5),
(4639,54,48,21),
(4640,54,49,25.5),
(4641,54,50,20),
(4642,54,51,19),
(4643,54,52,8.5),
(4644,54,53,8.5),
(4645,54,54,0),
(4646,54,55,9.5),
(4647,54,56,13),
(4648,54,57,22.5),
(4649,54,58,16.5),
(4650,54,59,18.5),
(4651,54,60,18.5),
(4652,54,61,15.5),
(4653,54,62,8),
(4654,54,63,24.5),
(4655,54,64,5),
(4656,54,65,16.5),
(4657,54,66,16),
(4658,54,67,8.5),
(4659,54,68,12.5),
(4660,54,69,16.5),
(4661,54,70,11),
(4662,54,71,12),
(4663,54,72,9),
(4664,54,73,13),
(4665,54,74,13.5),
(4666,54,75,12),
(4667,54,76,29.5),
(4668,54,77,9),
(4669,54,78,14.5),
(4670,54,79,9.5),
(4671,54,80,12.5),
(4672,54,81,15),
(4673,54,82,29),
(4674,54,83,15),
(4675,54,84,17),
(4676,55,0,24.5),
(4677,55,1,22.5),
(4678,55,2,18.5),
(4679,55,3,19.5),
(4680,55,4,41),
(4681,55,5,6),
(4682,55,6,18),
(4683,55,7,22),
(4684,55,8,19),
(4685,55,9,8.5),
(4686,55,10,15.5),
(4687,55,11,20),
(4688,55,12,22),
(4689,55,13,22),
(4690,55,14,12),
(4691,55,15,19),
(4692,55,16,30),
(4693,55,17,22.5),
(4694,55,18,23),
(4695,55,19,21.5),
(4696,55,20,18.5),
(4697,55,21,11.5),
(4698,55,22,26.5),
(4699,55,23,25),
(4700,55,24,15.5),
(4701,55,25,18.5),
(4702,55,26,19.5),
(4703,55,27,3.5),
(4704,55,28,22),
(4705,55,29,14.5),
(4706,55,30,13.5),
(4707,55,31,12.5),
(4708,55,32,20),
(4709,55,33,17),
(4710,55,34,16),
(4711,55,35,17),
(4712,55,36,8),
(4713,55,37,8.5),
(4714,55,38,21.5),
(4715,55,39,22.5),
(4716,55,40,7.5),
(4717,55,41,12),
(4718,55,42,12),
(4719,55,43,25),
(4720,55,44,14),
(4721,55,45,15.5),
(4722,55,46,14.5),
(4723,55,47,8),
(4724,55,48,18.5),
(4725,55,49,28),
(4726,55,50,19.5),
(4727,55,51,18.5),
(4728,55,52,6),
(4729,55,53,14),
(4730,55,54,9.5),
(4731,55,55,0),
(4732,55,56,18.5),
(4733,55,57,20),
(4734,55,58,17),
(4735,55,59,15),
(4736,55,60,19),
(4737,55,61,13),
(4738,55,62,5.5),
(4739,55,63,27),
(4740,55,64,11.5),
(4741,55,65,23),
(4742,55,66,19.5),
(4743,55,67,15),
(4744,55,68,21),
(4745,55,69,25),
(4746,55,70,13.5),
(4747,55,71,9.5),
(4748,55,72,9.5),
(4749,55,73,18.5),
(4750,55,74,17),
(4751,55,75,15.5),
(4752,55,76,35),
(4753,55,77,12.5),
(4754,55,78,23),
(4755,55,79,16),
(4756,55,80,12),
(4757,55,81,12.5),
(4758,55,82,31.5),
(4759,55,83,18.5),
(4760,55,84,25.5),
(4761,56,0,25),
(4762,56,1,8),
(4763,56,2,10),
(4764,56,3,20),
(4765,56,4,23.5),
(4766,56,5,21.5),
(4767,56,6,21.5),
(4768,56,7,10.5),
(4769,56,8,13.5),
(4770,56,9,23),
(4771,56,10,24),
(4772,56,11,20.5),
(4773,56,12,22.5),
(4774,56,13,31.5),
(4775,56,14,24.5),
(4776,56,15,25.5),
(4777,56,16,27.5),
(4778,56,17,23),
(4779,56,18,23.5),
(4780,56,19,22),
(4781,56,20,25),
(4782,56,21,26),
(4783,56,22,27),
(4784,56,23,22.5),
(4785,56,24,15),
(4786,56,25,22),
(4787,56,26,26),
(4788,56,27,16),
(4789,56,28,7.5),
(4790,56,29,21),
(4791,56,30,29),
(4792,56,31,28),
(4793,56,32,20.5),
(4794,56,33,20.5),
(4795,56,34,25.5),
(4796,56,35,23.5),
(4797,56,36,23.5),
(4798,56,37,23),
(4799,56,38,28),
(4800,56,39,23),
(4801,56,40,23),
(4802,56,41,21.5),
(4803,56,42,27.5),
(4804,56,43,24.5),
(4805,56,44,26.5),
(4806,56,45,25),
(4807,56,46,21),
(4808,56,47,26.5),
(4809,56,48,28),
(4810,56,49,22.5),
(4811,56,50,23),
(4812,56,51,28),
(4813,56,52,18.5),
(4814,56,53,13.5),
(4815,56,54,13),
(4816,56,55,18.5),
(4817,56,56,0),
(4818,56,57,19.5),
(4819,56,58,23.5),
(4820,56,59,18.5),
(4821,56,60,25.5),
(4822,56,61,24.5),
(4823,56,62,14),
(4824,56,63,20.5),
(4825,56,64,14),
(4826,56,65,17.5),
(4827,56,66,8),
(4828,56,67,17.5),
(4829,56,68,12.5),
(4830,56,69,19.5),
(4831,56,70,11),
(4832,56,71,19),
(4833,56,72,16),
(4834,56,73,16),
(4835,56,74,14.5),
(4836,56,75,16),
(4837,56,76,19.5),
(4838,56,77,19),
(4839,56,78,11.5),
(4840,56,79,15.5),
(4841,56,80,18.5),
(4842,56,81,25),
(4843,56,82,26),
(4844,56,83,25),
(4845,56,84,17),
(4846,57,0,14.5),
(4847,57,1,21.5),
(4848,57,2,22.5),
(4849,57,3,16.5),
(4850,57,4,31),
(4851,57,5,22),
(4852,57,6,13),
(4853,57,7,24),
(4854,57,8,16),
(4855,57,9,14.5),
(4856,57,10,10.5),
(4857,57,11,9),
(4858,57,12,7),
(4859,57,13,18),
(4860,57,14,13),
(4861,57,15,9),
(4862,57,16,15),
(4863,57,17,6.5),
(4864,57,18,12),
(4865,57,19,10.5),
(4866,57,20,8.5),
(4867,57,21,17.5),
(4868,57,22,12.5),
(4869,57,23,9),
(4870,57,24,13.5),
(4871,57,25,7.5),
(4872,57,26,9.5),
(4873,57,27,19.5),
(4874,57,28,24),
(4875,57,29,16.5),
(4876,57,30,18.5),
(4877,57,31,13.5),
(4878,57,32,11),
(4879,57,33,16),
(4880,57,34,15),
(4881,57,35,16),
(4882,57,36,18),
(4883,57,37,17.5),
(4884,57,38,13.5),
(4885,57,39,14.5),
(4886,57,40,17.5),
(4887,57,41,16),
(4888,57,42,16),
(4889,57,43,15),
(4890,57,44,15),
(4891,57,45,22.5),
(4892,57,46,9.5),
(4893,57,47,18),
(4894,57,48,14.5),
(4895,57,49,10),
(4896,57,50,9.5),
(4897,57,51,14.5),
(4898,57,52,22),
(4899,57,53,21),
(4900,57,54,22.5),
(4901,57,55,20),
(4902,57,56,19.5),
(4903,57,57,0),
(4904,57,58,16),
(4905,57,59,11),
(4906,57,60,17),
(4907,57,61,10),
(4908,57,62,17.5),
(4909,57,63,16),
(4910,57,64,20.5),
(4911,57,65,12),
(4912,57,66,12.5),
(4913,57,67,22),
(4914,57,68,26),
(4915,57,69,28),
(4916,57,70,15.5),
(4917,57,71,22.5),
(4918,57,72,22.5),
(4919,57,73,29.5),
(4920,57,74,24),
(4921,57,75,19.5),
(4922,57,76,33),
(4923,57,77,19.5),
(4924,57,78,25),
(4925,57,79,22),
(4926,57,80,26),
(4927,57,81,16.5),
(4928,57,82,13.5),
(4929,57,83,13.5),
(4930,57,84,33.5),
(4931,58,0,20.5),
(4932,58,1,27.5),
(4933,58,2,19.5),
(4934,58,3,20.5),
(4935,58,4,37),
(4936,58,5,14),
(4937,58,6,14),
(4938,58,7,22),
(4939,58,8,22),
(4940,58,9,15.5),
(4941,58,10,14.5),
(4942,58,11,15),
(4943,58,12,13),
(4944,58,13,19),
(4945,58,14,11),
(4946,58,15,17),
(4947,58,16,21),
(4948,58,17,15.5),
(4949,58,18,18),
(4950,58,19,16.5),
(4951,58,20,10.5),
(4952,58,21,15.5),
(4953,58,22,16.5),
(4954,58,23,13),
(4955,58,24,11.5),
(4956,58,25,16.5),
(4957,58,26,10.5),
(4958,58,27,16.5),
(4959,58,28,20),
(4960,58,29,19.5),
(4961,58,30,19.5),
(4962,58,31,19.5),
(4963,58,32,15),
(4964,58,33,14),
(4965,58,34,20),
(4966,58,35,15),
(4967,58,36,12),
(4968,58,37,12.5),
(4969,58,38,16.5),
(4970,58,39,15.5),
(4971,58,40,12.5),
(4972,58,41,14),
(4973,58,42,14),
(4974,58,43,14),
(4975,58,44,12),
(4976,58,45,11.5),
(4977,58,46,11.5),
(4978,58,47,18),
(4979,58,48,12.5),
(4980,58,49,17),
(4981,58,50,15.5),
(4982,58,51,16.5),
(4983,58,52,14),
(4984,58,53,14),
(4985,58,54,16.5),
(4986,58,55,17),
(4987,58,56,23.5),
(4988,58,57,16),
(4989,58,58,0),
(4990,58,59,14),
(4991,58,60,7),
(4992,58,61,14),
(4993,58,62,18.5),
(4994,58,63,20),
(4995,58,64,15.5),
(4996,58,65,18),
(4997,58,66,21.5),
(4998,58,67,15),
(4999,58,68,18),
(5000,58,69,22),
(5001,58,70,21.5),
(5002,58,71,19.5),
(5003,58,72,22.5),
(5004,58,73,20.5),
(5005,58,74,18),
(5006,58,75,19.5),
(5007,58,76,35),
(5008,58,77,13.5),
(5009,58,78,22),
(5010,58,79,20),
(5011,58,80,20),
(5012,58,81,13.5),
(5013,58,82,20.5),
(5014,58,83,13.5),
(5015,58,84,25.5),
(5016,59,0,21.5),
(5017,59,1,19.5),
(5018,59,2,18.5),
(5019,59,3,19.5),
(5020,59,4,32),
(5021,59,5,15),
(5022,59,6,9),
(5023,59,7,16),
(5024,59,8,16),
(5025,59,9,14.5),
(5026,59,10,6.5),
(5027,59,11,8),
(5028,59,12,10),
(5029,59,13,16),
(5030,59,14,9),
(5031,59,15,10),
(5032,59,16,18),
(5033,59,17,10.5),
(5034,59,18,11),
(5035,59,19,15.5),
(5036,59,20,12.5),
(5037,59,21,14.5),
(5038,59,22,14.5),
(5039,59,23,13),
(5040,59,24,6.5),
(5041,59,25,6.5),
(5042,59,26,10.5),
(5043,59,27,15.5),
(5044,59,28,16),
(5045,59,29,17.5),
(5046,59,30,13.5),
(5047,59,31,12.5),
(5048,59,32,11),
(5049,59,33,14),
(5050,59,34,16),
(5051,59,35,14),
(5052,59,36,11),
(5053,59,37,11.5),
(5054,59,38,15.5),
(5055,59,39,16.5),
(5056,59,40,13.5),
(5057,59,41,15),
(5058,59,42,12),
(5059,59,43,19),
(5060,59,44,8),
(5061,59,45,15.5),
(5062,59,46,8.5),
(5063,59,47,14),
(5064,59,48,12.5),
(5065,59,49,13),
(5066,59,50,7.5),
(5067,59,51,12.5),
(5068,59,52,15),
(5069,59,53,17),
(5070,59,54,18.5),
(5071,59,55,15),
(5072,59,56,18.5),
(5073,59,57,11),
(5074,59,58,14),
(5075,59,59,0),
(5076,59,60,13),
(5077,59,61,10),
(5078,59,62,17.5),
(5079,59,63,12),
(5080,59,64,14.5),
(5081,59,65,17),
(5082,59,66,13.5),
(5083,59,67,18),
(5084,59,68,24),
(5085,59,69,28),
(5086,59,70,13.5),
(5087,59,71,15.5),
(5088,59,72,18.5),
(5089,59,73,18.5),
(5090,59,74,23),
(5091,59,75,12.5),
(5092,59,76,29),
(5093,59,77,12.5),
(5094,59,78,17),
(5095,59,79,19),
(5096,59,80,21),
(5097,59,81,9.5),
(5098,59,82,16.5),
(5099,59,83,12.5),
(5100,59,84,25.5),
(5101,60,0,19.5),
(5102,60,1,26.5),
(5103,60,2,21.5),
(5104,60,3,18.5),
(5105,60,4,36),
(5106,60,5,13),
(5107,60,6,10),
(5108,60,7,24),
(5109,60,8,23),
(5110,60,9,17.5),
(5111,60,10,10.5),
(5112,60,11,17),
(5113,60,12,14),
(5114,60,13,12),
(5115,60,14,10),
(5116,60,15,16),
(5117,60,16,22),
(5118,60,17,19.5),
(5119,60,18,20),
(5120,60,19,15.5),
(5121,60,20,14.5),
(5122,60,21,11.5),
(5123,60,22,18.5),
(5124,60,23,14),
(5125,60,24,10.5),
(5126,60,25,15.5),
(5127,60,26,8.5),
(5128,60,27,18.5),
(5129,60,28,22),
(5130,60,29,18.5),
(5131,60,30,15.5),
(5132,60,31,18.5),
(5133,60,32,16),
(5134,60,33,16),
(5135,60,34,16),
(5136,60,35,11),
(5137,60,36,14),
(5138,60,37,14.5),
(5139,60,38,12.5),
(5140,60,39,14.5),
(5141,60,40,11.5),
(5142,60,41,10),
(5143,60,42,10),
(5144,60,43,15),
(5145,60,44,8),
(5146,60,45,10.5),
(5147,60,46,10.5),
(5148,60,47,14),
(5149,60,48,10.5),
(5150,60,49,18),
(5151,60,50,8.5),
(5152,60,51,15.5),
(5153,60,52,16),
(5154,60,53,19),
(5155,60,54,18.5),
(5156,60,55,19),
(5157,60,56,25.5),
(5158,60,57,17),
(5159,60,58,7),
(5160,60,59,13),
(5161,60,60,0),
(5162,60,61,13),
(5163,60,62,17.5),
(5164,60,63,22),
(5165,60,64,17.5),
(5166,60,65,17),
(5167,60,66,22.5),
(5168,60,67,16),
(5169,60,68,17),
(5170,60,69,23),
(5171,60,70,23.5),
(5172,60,71,18.5),
(5173,60,72,21.5),
(5174,60,73,22.5),
(5175,60,74,20),
(5176,60,75,18.5),
(5177,60,76,34),
(5178,60,77,12.5),
(5179,60,78,18),
(5180,60,79,19),
(5181,60,80,19),
(5182,60,81,12.5),
(5183,60,82,21.5),
(5184,60,83,9.5),
(5185,60,84,24.5),
(5186,61,0,13.5),
(5187,61,1,23.5),
(5188,61,2,24.5),
(5189,61,3,11.5),
(5190,61,4,36),
(5191,61,5,15),
(5192,61,6,9),
(5193,61,7,23),
(5194,61,8,20),
(5195,61,9,10.5),
(5196,61,10,6.5),
(5197,61,11,8),
(5198,61,12,11),
(5199,61,13,14),
(5200,61,14,3),
(5201,61,15,8),
(5202,61,16,19),
(5203,61,17,10.5),
(5204,61,18,11),
(5205,61,19,9.5),
(5206,61,20,6.5),
(5207,61,21,7.5),
(5208,61,22,14.5),
(5209,61,23,13),
(5210,61,24,12.5),
(5211,61,25,6.5),
(5212,61,26,7.5),
(5213,61,27,15.5),
(5214,61,28,23),
(5215,61,29,12.5),
(5216,61,30,11.5),
(5217,61,31,9.5),
(5218,61,32,12),
(5219,61,33,9),
(5220,61,34,11),
(5221,61,35,12),
(5222,61,36,11),
(5223,61,37,10.5),
(5224,61,38,9.5),
(5225,61,39,13.5),
(5226,61,40,10.5),
(5227,61,41,9),
(5228,61,42,6),
(5229,61,43,16),
(5230,61,44,8),
(5231,61,45,15.5),
(5232,61,46,8.5),
(5233,61,47,11),
(5234,61,48,9.5),
(5235,61,49,17),
(5236,61,50,8.5),
(5237,61,51,7.5),
(5238,61,52,18),
(5239,61,53,20),
(5240,61,54,15.5),
(5241,61,55,13),
(5242,61,56,24.5),
(5243,61,57,10),
(5244,61,58,14),
(5245,61,59,10),
(5246,61,60,13),
(5247,61,61,0),
(5248,61,62,13.5),
(5249,61,63,15),
(5250,61,64,16.5),
(5251,61,65,14),
(5252,61,66,19.5),
(5253,61,67,17),
(5254,61,68,25),
(5255,61,69,29),
(5256,61,70,17.5),
(5257,61,71,15.5),
(5258,61,72,15.5),
(5259,61,73,25.5),
(5260,61,74,26),
(5261,61,75,18.5),
(5262,61,76,38),
(5263,61,77,15.5),
(5264,61,78,24),
(5265,61,79,21),
(5266,61,80,19),
(5267,61,81,9.5),
(5268,61,82,20.5),
(5269,61,83,12.5),
(5270,61,84,32.5),
(5271,62,0,21),
(5272,62,1,19),
(5273,62,2,14),
(5274,62,3,16),
(5275,62,4,37.5),
(5276,62,5,7.5),
(5277,62,6,16.5),
(5278,62,7,21.5),
(5279,62,8,15.5),
(5280,62,9,9),
(5281,62,10,17),
(5282,62,11,21.5),
(5283,62,12,21.5),
(5284,62,13,21.5),
(5285,62,14,13.5),
(5286,62,15,21.5),
(5287,62,16,29.5),
(5288,62,17,24),
(5289,62,18,24.5),
(5290,62,19,20),
(5291,62,20,20),
(5292,62,21,12),
(5293,62,22,25),
(5294,62,23,23.5),
(5295,62,24,14),
(5296,62,25,20),
(5297,62,26,18),
(5298,62,27,5),
(5299,62,28,21.5),
(5300,62,29,11),
(5301,62,30,16),
(5302,62,31,14),
(5303,62,32,19.5),
(5304,62,33,16.5),
(5305,62,34,15.5),
(5306,62,35,13.5),
(5307,62,36,9.5),
(5308,62,37,9),
(5309,62,38,20),
(5310,62,39,18),
(5311,62,40,9),
(5312,62,41,7.5),
(5313,62,42,13.5),
(5314,62,43,20.5),
(5315,62,44,15.5),
(5316,62,45,14),
(5317,62,46,16),
(5318,62,47,12.5),
(5319,62,48,17),
(5320,62,49,27.5),
(5321,62,50,19),
(5322,62,51,21),
(5323,62,52,7.5),
(5324,62,53,12.5),
(5325,62,54,8),
(5326,62,55,5.5),
(5327,62,56,14),
(5328,62,57,17.5),
(5329,62,58,18.5),
(5330,62,59,17.5),
(5331,62,60,17.5),
(5332,62,61,13.5),
(5333,62,62,0),
(5334,62,63,25.5),
(5335,62,64,9),
(5336,62,65,21.5),
(5337,62,66,15),
(5338,62,67,12.5),
(5339,62,68,17.5),
(5340,62,69,21.5),
(5341,62,70,13),
(5342,62,71,8),
(5343,62,72,8),
(5344,62,73,18),
(5345,62,74,12.5),
(5346,62,75,14),
(5347,62,76,30.5),
(5348,62,77,11),
(5349,62,78,19.5),
(5350,62,79,10.5),
(5351,62,80,8.5),
(5352,62,81,11),
(5353,62,82,28),
(5354,62,83,14),
(5355,62,84,22),
(5356,63,0,17.5),
(5357,63,1,16.5),
(5358,63,2,18.5),
(5359,63,3,20.5),
(5360,63,4,22),
(5361,63,5,27),
(5362,63,6,15),
(5363,63,7,16),
(5364,63,8,13),
(5365,63,9,25.5),
(5366,63,10,14.5),
(5367,63,11,8),
(5368,63,12,10),
(5369,63,13,25),
(5370,63,14,18),
(5371,63,15,15),
(5372,63,16,17),
(5373,63,17,13.5),
(5374,63,18,11),
(5375,63,19,18.5),
(5376,63,20,12.5),
(5377,63,21,22.5),
(5378,63,22,14.5),
(5379,63,23,13),
(5380,63,24,14.5),
(5381,63,25,12.5),
(5382,63,26,16.5),
(5383,63,27,24.5),
(5384,63,28,15),
(5385,63,29,18.5),
(5386,63,30,24.5),
(5387,63,31,24.5),
(5388,63,32,17),
(5389,63,33,15),
(5390,63,34,24),
(5391,63,35,18),
(5392,63,36,23),
(5393,63,37,22.5),
(5394,63,38,21.5),
(5395,63,39,19.5),
(5396,63,40,25.5),
(5397,63,41,21),
(5398,63,42,21),
(5399,63,43,18),
(5400,63,44,20),
(5401,63,45,24.5),
(5402,63,46,17.5),
(5403,63,47,26),
(5404,63,48,21.5),
(5405,63,49,15),
(5406,63,50,13.5),
(5407,63,51,18.5),
(5408,63,52,24),
(5409,63,53,18),
(5410,63,54,24.5),
(5411,63,55,27),
(5412,63,56,20.5),
(5413,63,57,16),
(5414,63,58,20),
(5415,63,59,12),
(5416,63,60,22),
(5417,63,61,15),
(5418,63,62,25.5),
(5419,63,63,0),
(5420,63,64,19.5),
(5421,63,65,17),
(5422,63,66,16.5),
(5423,63,67,20),
(5424,63,68,23),
(5425,63,69,22),
(5426,63,70,16.5),
(5427,63,71,18.5),
(5428,63,72,24.5),
(5429,63,73,17.5),
(5430,63,74,23),
(5431,63,75,18.5),
(5432,63,76,26),
(5433,63,77,18.5),
(5434,63,78,16),
(5435,63,79,24),
(5436,63,80,21),
(5437,63,81,18.5),
(5438,63,82,12.5),
(5439,63,83,18.5),
(5440,63,84,24.5),
(5441,64,0,24),
(5442,64,1,16),
(5443,64,2,8),
(5444,64,3,19),
(5445,64,4,31.5),
(5446,64,5,10.5),
(5447,64,6,13.5),
(5448,64,7,12.5),
(5449,64,8,15.5),
(5450,64,9,15),
(5451,64,10,17),
(5452,64,11,18.5),
(5453,64,12,18.5),
(5454,64,13,24.5),
(5455,64,14,16.5),
(5456,64,15,18.5),
(5457,64,16,29.5),
(5458,64,17,21),
(5459,64,18,21.5),
(5460,64,19,20),
(5461,64,20,20),
(5462,64,21,15),
(5463,64,22,19),
(5464,64,23,17.5),
(5465,64,24,11),
(5466,64,25,17),
(5467,64,26,18),
(5468,64,27,8),
(5469,64,28,12.5),
(5470,64,29,17),
(5471,64,30,22),
(5472,64,31,20),
(5473,64,32,13.5),
(5474,64,33,16.5),
(5475,64,34,18.5),
(5476,64,35,16.5),
(5477,64,36,12.5),
(5478,64,37,12),
(5479,64,38,20),
(5480,64,39,18),
(5481,64,40,15),
(5482,64,41,13.5),
(5483,64,42,16.5),
(5484,64,43,20.5),
(5485,64,44,18.5),
(5486,64,45,17),
(5487,64,46,13),
(5488,64,47,18.5),
(5489,64,48,20),
(5490,64,49,21.5),
(5491,64,50,16),
(5492,64,51,18),
(5493,64,52,7.5),
(5494,64,53,3.5),
(5495,64,54,5),
(5496,64,55,11.5),
(5497,64,56,14),
(5498,64,57,20.5),
(5499,64,58,15.5),
(5500,64,59,14.5),
(5501,64,60,17.5),
(5502,64,61,16.5),
(5503,64,62,9),
(5504,64,63,19.5),
(5505,64,64,0),
(5506,64,65,18.5),
(5507,64,66,15),
(5508,64,67,6.5),
(5509,64,68,14.5),
(5510,64,69,18.5),
(5511,64,70,10),
(5512,64,71,11),
(5513,64,72,11),
(5514,64,73,9),
(5515,64,74,12.5),
(5516,64,75,8),
(5517,64,76,27.5),
(5518,64,77,5),
(5519,64,78,13.5),
(5520,64,79,4.5),
(5521,64,80,11.5),
(5522,64,81,14),
(5523,64,82,25),
(5524,64,83,14),
(5525,64,84,16),
(5526,65,0,14.5),
(5527,65,1,15.5),
(5528,65,2,13.5),
(5529,65,3,15.5),
(5530,65,4,28),
(5531,65,5,25),
(5532,65,6,16),
(5533,65,7,21),
(5534,65,8,18),
(5535,65,9,21.5),
(5536,65,10,17.5),
(5537,65,11,9),
(5538,65,12,9),
(5539,65,13,24),
(5540,65,14,16),
(5541,65,15,15),
(5542,65,16,14),
(5543,65,17,14.5),
(5544,65,18,9),
(5545,65,19,10.5),
(5546,65,20,10.5),
(5547,65,21,18.5),
(5548,65,22,18.5),
(5549,65,23,8),
(5550,65,24,14.5),
(5551,65,25,13.5),
(5552,65,26,14.5),
(5553,65,27,22.5),
(5554,65,28,18),
(5555,65,29,19.5),
(5556,65,30,24.5),
(5557,65,31,22.5),
(5558,65,32,16),
(5559,65,33,16),
(5560,65,34,18),
(5561,65,35,19),
(5562,65,36,21),
(5563,65,37,21.5),
(5564,65,38,16.5),
(5565,65,39,17.5),
(5566,65,40,20.5),
(5567,65,41,16),
(5568,65,42,19),
(5569,65,43,18),
(5570,65,44,21),
(5571,65,45,25.5),
(5572,65,46,12.5),
(5573,65,47,21),
(5574,65,48,19.5),
(5575,65,49,15),
(5576,65,50,12.5),
(5577,65,51,17.5),
(5578,65,52,25),
(5579,65,53,19),
(5580,65,54,16.5),
(5581,65,55,23),
(5582,65,56,17.5),
(5583,65,57,12),
(5584,65,58,18),
(5585,65,59,17),
(5586,65,60,17),
(5587,65,61,14),
(5588,65,62,21.5),
(5589,65,63,17),
(5590,65,64,18.5),
(5591,65,65,0),
(5592,65,66,17.5),
(5593,65,67,22),
(5594,65,68,20),
(5595,65,69,18),
(5596,65,70,18.5),
(5597,65,71,25.5),
(5598,65,72,22.5),
(5599,65,73,26.5),
(5600,65,74,24),
(5601,65,75,22.5),
(5602,65,76,34),
(5603,65,77,19.5),
(5604,65,78,19),
(5605,65,79,20),
(5606,65,80,26),
(5607,65,81,22.5),
(5608,65,82,15.5),
(5609,65,83,19.5),
(5610,65,84,27.5),
(5611,66,0,20),
(5612,66,1,9),
(5613,66,2,13),
(5614,66,3,16),
(5615,66,4,24.5),
(5616,66,5,21.5),
(5617,66,6,15.5),
(5618,66,7,11.5),
(5619,66,8,6.5),
(5620,66,9,24),
(5621,66,10,20),
(5622,66,11,14.5),
(5623,66,12,15.5),
(5624,66,13,26.5),
(5625,66,14,18.5),
(5626,66,15,20.5),
(5627,66,16,20.5),
(5628,66,17,15),
(5629,66,18,17.5),
(5630,66,19,19),
(5631,66,20,17),
(5632,66,21,24),
(5633,66,22,21),
(5634,66,23,14.5),
(5635,66,24,17),
(5636,66,25,16),
(5637,66,26,18),
(5638,66,27,16),
(5639,66,28,11.5),
(5640,66,29,16),
(5641,66,30,24),
(5642,66,31,22),
(5643,66,32,13.5),
(5644,66,33,15.5),
(5645,66,34,20.5),
(5646,66,35,18.5),
(5647,66,36,23.5),
(5648,66,37,24),
(5649,66,38,22),
(5650,66,39,17),
(5651,66,40,23),
(5652,66,41,18.5),
(5653,66,42,21.5),
(5654,66,43,18.5),
(5655,66,44,20.5),
(5656,66,45,25),
(5657,66,46,18),
(5658,66,47,23.5),
(5659,66,48,20),
(5660,66,49,15.5),
(5661,66,50,18),
(5662,66,51,23),
(5663,66,52,18.5),
(5664,66,53,15.5),
(5665,66,54,16),
(5666,66,55,19.5),
(5667,66,56,8),
(5668,66,57,12.5),
(5669,66,58,21.5),
(5670,66,59,13.5),
(5671,66,60,22.5),
(5672,66,61,19.5),
(5673,66,62,15),
(5674,66,63,16.5),
(5675,66,64,15),
(5676,66,65,17.5),
(5677,66,66,0),
(5678,66,67,13.5),
(5679,66,68,16.5),
(5680,66,69,18.5),
(5681,66,70,6),
(5682,66,71,16),
(5683,66,72,13),
(5684,66,73,17),
(5685,66,74,14.5),
(5686,66,75,10),
(5687,66,76,21.5),
(5688,66,77,16),
(5689,66,78,12.5),
(5690,66,79,16.5),
(5691,66,80,19.5),
(5692,66,81,19),
(5693,66,82,19),
(5694,66,83,19),
(5695,66,84,21),
(5696,67,0,22.5),
(5697,67,1,16.5),
(5698,67,2,14.5),
(5699,67,3,15.5),
(5700,67,4,30),
(5701,67,5,14),
(5702,67,6,17),
(5703,67,7,13),
(5704,67,8,14),
(5705,67,9,18.5),
(5706,67,10,17.5),
(5707,67,11,22),
(5708,67,12,20),
(5709,67,13,23),
(5710,67,14,15),
(5711,67,15,22),
(5712,67,16,29),
(5713,67,17,22.5),
(5714,67,18,25),
(5715,67,19,20.5),
(5716,67,20,18.5),
(5717,67,21,15.5),
(5718,67,22,20.5),
(5719,67,23,17),
(5720,67,24,17.5),
(5721,67,25,20.5),
(5722,67,26,16.5),
(5723,67,27,11.5),
(5724,67,28,13),
(5725,67,29,17.5),
(5726,67,30,20.5),
(5727,67,31,20.5),
(5728,67,32,13),
(5729,67,33,15),
(5730,67,34,19),
(5731,67,35,15),
(5732,67,36,16),
(5733,67,37,15.5),
(5734,67,38,18.5),
(5735,67,39,16.5),
(5736,67,40,16.5),
(5737,67,41,12),
(5738,67,42,15),
(5739,67,43,17),
(5740,67,44,19),
(5741,67,45,20.5),
(5742,67,46,16.5),
(5743,67,47,19),
(5744,67,48,16.5),
(5745,67,49,23),
(5746,67,50,19.5),
(5747,67,51,18.5),
(5748,67,52,9),
(5749,67,53,8),
(5750,67,54,8.5),
(5751,67,55,15),
(5752,67,56,17.5),
(5753,67,57,22),
(5754,67,58,15),
(5755,67,59,18),
(5756,67,60,16),
(5757,67,61,17),
(5758,67,62,12.5),
(5759,67,63,20),
(5760,67,64,6.5),
(5761,67,65,22),
(5762,67,66,13.5),
(5763,67,67,0),
(5764,67,68,10),
(5765,67,69,14),
(5766,67,70,10.5),
(5767,67,71,8.5),
(5768,67,72,8.5),
(5769,67,73,12.5),
(5770,67,74,13),
(5771,67,75,8.5),
(5772,67,76,26),
(5773,67,77,8.5),
(5774,67,78,14),
(5775,67,79,11),
(5776,67,80,12),
(5777,67,81,12.5),
(5778,67,82,26.5),
(5779,67,83,14.5),
(5780,67,84,17.5),
(5781,68,0,21.5),
(5782,68,1,10.5),
(5783,68,2,12.5),
(5784,68,3,16.5),
(5785,68,4,23),
(5786,68,5,21),
(5787,68,6,24),
(5788,68,7,10),
(5789,68,8,16),
(5790,68,9,26.5),
(5791,68,10,24.5),
(5792,68,11,26),
(5793,68,12,22),
(5794,68,13,26),
(5795,68,14,22),
(5796,68,15,27),
(5797,68,16,30),
(5798,68,17,28.5),
(5799,68,18,29),
(5800,68,19,18.5),
(5801,68,20,24.5),
(5802,68,21,23.5),
(5803,68,22,24.5),
(5804,68,23,20),
(5805,68,24,21.5),
(5806,68,25,27.5),
(5807,68,26,22.5),
(5808,68,27,18.5),
(5809,68,28,9),
(5810,68,29,16.5),
(5811,68,30,25.5),
(5812,68,31,27.5),
(5813,68,32,21),
(5814,68,33,17),
(5815,68,34,21),
(5816,68,35,17),
(5817,68,36,23),
(5818,68,37,23.5),
(5819,68,38,22.5),
(5820,68,39,17.5),
(5821,68,40,23.5),
(5822,68,41,16),
(5823,68,42,22),
(5824,68,43,17),
(5825,68,44,23),
(5826,68,45,24.5),
(5827,68,46,23.5),
(5828,68,47,26),
(5829,68,48,22.5),
(5830,68,49,24),
(5831,68,50,22.5),
(5832,68,51,24.5),
(5833,68,52,16),
(5834,68,53,11),
(5835,68,54,12.5),
(5836,68,55,21),
(5837,68,56,12.5),
(5838,68,57,26),
(5839,68,58,18),
(5840,68,59,24),
(5841,68,60,17),
(5842,68,61,25),
(5843,68,62,17.5),
(5844,68,63,23),
(5845,68,64,14.5),
(5846,68,65,20),
(5847,68,66,16.5),
(5848,68,67,10),
(5849,68,68,0),
(5850,68,69,10),
(5851,68,70,13.5),
(5852,68,71,15.5),
(5853,68,72,15.5),
(5854,68,73,14.5),
(5855,68,74,11),
(5856,68,75,12.5),
(5857,68,76,17),
(5858,68,77,12.5),
(5859,68,78,10),
(5860,68,79,16),
(5861,68,80,15),
(5862,68,81,19.5),
(5863,68,82,27.5),
(5864,68,83,15.5),
(5865,68,84,13.5),
(5866,69,0,25.5),
(5867,69,1,14.5),
(5868,69,2,13.5),
(5869,69,3,21.5),
(5870,69,4,24),
(5871,69,5,25),
(5872,69,6,28),
(5873,69,7,17),
(5874,69,8,15),
(5875,69,9,30.5),
(5876,69,10,28.5),
(5877,69,11,27),
(5878,69,12,21),
(5879,69,13,29),
(5880,69,14,28),
(5881,69,15,29),
(5882,69,16,29),
(5883,69,17,30.5),
(5884,69,18,24),
(5885,69,19,22.5),
(5886,69,20,23.5),
(5887,69,21,27.5),
(5888,69,22,30.5),
(5889,69,23,21),
(5890,69,24,25.5),
(5891,69,25,31.5),
(5892,69,26,24.5),
(5893,69,27,22.5),
(5894,69,28,17),
(5895,69,29,21.5),
(5896,69,30,32.5),
(5897,69,31,31.5),
(5898,69,32,25),
(5899,69,33,24),
(5900,69,34,26),
(5901,69,35,24),
(5902,69,36,27),
(5903,69,37,27.5),
(5904,69,38,28.5),
(5905,69,39,23.5),
(5906,69,40,29.5),
(5907,69,41,22),
(5908,69,42,28),
(5909,69,43,18),
(5910,69,44,27),
(5911,69,45,28.5),
(5912,69,46,27.5),
(5913,69,47,30),
(5914,69,48,26.5),
(5915,69,49,27),
(5916,69,50,26.5),
(5917,69,51,28.5),
(5918,69,52,22),
(5919,69,53,18),
(5920,69,54,16.5),
(5921,69,55,25),
(5922,69,56,19.5),
(5923,69,57,28),
(5924,69,58,22),
(5925,69,59,28),
(5926,69,60,23),
(5927,69,61,29),
(5928,69,62,21.5),
(5929,69,63,22),
(5930,69,64,18.5),
(5931,69,65,18),
(5932,69,66,18.5),
(5933,69,67,14),
(5934,69,68,10),
(5935,69,69,0),
(5936,69,70,17.5),
(5937,69,71,16.5),
(5938,69,72,19.5),
(5939,69,73,16.5),
(5940,69,74,12),
(5941,69,75,16.5),
(5942,69,76,24),
(5943,69,77,16.5),
(5944,69,78,12),
(5945,69,79,17),
(5946,69,80,13),
(5947,69,81,25.5),
(5948,69,82,24.5),
(5949,69,83,19.5),
(5950,69,84,14.5),
(5951,70,0,20),
(5952,70,1,9),
(5953,70,2,14),
(5954,70,3,18),
(5955,70,4,27.5),
(5956,70,5,16.5),
(5957,70,6,13.5),
(5958,70,7,8.5),
(5959,70,8,8.5),
(5960,70,9,19),
(5961,70,10,17),
(5962,70,11,15.5),
(5963,70,12,17.5),
(5964,70,13,26.5),
(5965,70,14,16.5),
(5966,70,15,17.5),
(5967,70,16,25.5),
(5968,70,17,18),
(5969,70,18,18.5),
(5970,70,19,20),
(5971,70,20,17),
(5972,70,21,19),
(5973,70,22,19),
(5974,70,23,17.5),
(5975,70,24,20),
(5976,70,25,17),
(5977,70,26,21),
(5978,70,27,11),
(5979,70,28,11.5),
(5980,70,29,13),
(5981,70,30,18),
(5982,70,31,17),
(5983,70,32,12.5),
(5984,70,33,12.5),
(5985,70,34,17.5),
(5986,70,35,15.5),
(5987,70,36,18.5),
(5988,70,37,19),
(5989,70,38,23),
(5990,70,39,18),
(5991,70,40,18),
(5992,70,41,16.5),
(5993,70,42,16.5),
(5994,70,43,20.5),
(5995,70,44,18.5),
(5996,70,45,23),
(5997,70,46,16),
(5998,70,47,18.5),
(5999,70,48,23),
(6000,70,49,20.5),
(6001,70,50,18),
(6002,70,51,20),
(6003,70,52,13.5),
(6004,70,53,9.5),
(6005,70,54,11),
(6006,70,55,13.5),
(6007,70,56,11),
(6008,70,57,15.5),
(6009,70,58,21.5),
(6010,70,59,13.5),
(6011,70,60,23.5),
(6012,70,61,17.5),
(6013,70,62,13),
(6014,70,63,16.5),
(6015,70,64,10),
(6016,70,65,18.5),
(6017,70,66,6),
(6018,70,67,10.5),
(6019,70,68,13.5),
(6020,70,69,17.5),
(6021,70,70,0),
(6022,70,71,11),
(6023,70,72,8),
(6024,70,73,14),
(6025,70,74,12.5),
(6026,70,75,5),
(6027,70,76,21.5),
(6028,70,77,11),
(6029,70,78,15.5),
(6030,70,79,14.5),
(6031,70,80,16.5),
(6032,70,81,14),
(6033,70,82,24),
(6034,70,83,17),
(6035,70,84,21),
(6036,71,0,25),
(6037,71,1,20),
(6038,71,2,18),
(6039,71,3,20),
(6040,71,4,32.5),
(6041,71,5,8.5),
(6042,71,6,17.5),
(6043,71,7,16.5),
(6044,71,8,16.5),
(6045,71,9,14),
(6046,71,10,16),
(6047,71,11,22.5),
(6048,71,12,22.5),
(6049,71,13,22.5),
(6050,71,14,14.5),
(6051,71,15,22.5),
(6052,71,16,33.5),
(6053,71,17,25),
(6054,71,18,25.5),
(6055,71,19,21),
(6056,71,20,21),
(6057,71,21,14),
(6058,71,22,23),
(6059,71,23,24.5),
(6060,71,24,19),
(6061,71,25,21),
(6062,71,26,19),
(6063,71,27,9),
(6064,71,28,16.5),
(6065,71,29,15),
(6066,71,30,17),
(6067,71,31,15),
(6068,71,32,20.5),
(6069,71,33,17.5),
(6070,71,34,19.5),
(6071,71,35,17.5),
(6072,71,36,10.5),
(6073,71,37,11),
(6074,71,38,21),
(6075,71,39,19),
(6076,71,40,13),
(6077,71,41,11.5),
(6078,71,42,14.5),
(6079,71,43,22.5),
(6080,71,44,13.5),
(6081,71,45,15),
(6082,71,46,17),
(6083,71,47,13.5),
(6084,71,48,18),
(6085,71,49,28.5),
(6086,71,50,20),
(6087,71,51,19),
(6088,71,52,8.5),
(6089,71,53,14.5),
(6090,71,54,12),
(6091,71,55,9.5),
(6092,71,56,19),
(6093,71,57,22.5),
(6094,71,58,19.5),
(6095,71,59,15.5),
(6096,71,60,18.5),
(6097,71,61,15.5),
(6098,71,62,8),
(6099,71,63,18.5),
(6100,71,64,11),
(6101,71,65,25.5),
(6102,71,66,16),
(6103,71,67,8.5),
(6104,71,68,15.5),
(6105,71,69,16.5),
(6106,71,70,11),
(6107,71,71,0),
(6108,71,72,6),
(6109,71,73,13),
(6110,71,74,10.5),
(6111,71,75,9),
(6112,71,76,26.5),
(6113,71,77,9),
(6114,71,78,14.5),
(6115,71,79,15.5),
(6116,71,80,6.5),
(6117,71,81,9),
(6118,71,82,29),
(6119,71,83,15),
(6120,71,84,20),
(6121,72,0,22),
(6122,72,1,17),
(6123,72,2,18),
(6124,72,3,17),
(6125,72,4,35.5),
(6126,72,5,11.5),
(6127,72,6,17.5),
(6128,72,7,16.5),
(6129,72,8,16.5),
(6130,72,9,14),
(6131,72,10,19),
(6132,72,11,22.5),
(6133,72,12,25.5),
(6134,72,13,22.5),
(6135,72,14,14.5),
(6136,72,15,22.5),
(6137,72,16,33.5),
(6138,72,17,25),
(6139,72,18,25.5),
(6140,72,19,21),
(6141,72,20,21),
(6142,72,21,14),
(6143,72,22,26),
(6144,72,23,24.5),
(6145,72,24,22),
(6146,72,25,21),
(6147,72,26,22),
(6148,72,27,9),
(6149,72,28,16.5),
(6150,72,29,12),
(6151,72,30,14),
(6152,72,31,12),
(6153,72,32,17.5),
(6154,72,33,14.5),
(6155,72,34,13.5),
(6156,72,35,17.5),
(6157,72,36,10.5),
(6158,72,37,11),
(6159,72,38,18),
(6160,72,39,19),
(6161,72,40,13),
(6162,72,41,11.5),
(6163,72,42,14.5),
(6164,72,43,22.5),
(6165,72,44,16.5),
(6166,72,45,15),
(6167,72,46,17),
(6168,72,47,10.5),
(6169,72,48,18),
(6170,72,49,28.5),
(6171,72,50,23),
(6172,72,51,19),
(6173,72,52,11.5),
(6174,72,53,14.5),
(6175,72,54,9),
(6176,72,55,9.5),
(6177,72,56,16),
(6178,72,57,22.5),
(6179,72,58,22.5),
(6180,72,59,18.5),
(6181,72,60,21.5),
(6182,72,61,15.5),
(6183,72,62,8),
(6184,72,63,24.5),
(6185,72,64,11),
(6186,72,65,22.5),
(6187,72,66,13),
(6188,72,67,8.5),
(6189,72,68,15.5),
(6190,72,69,19.5),
(6191,72,70,8),
(6192,72,71,6),
(6193,72,72,0),
(6194,72,73,16),
(6195,72,74,13.5),
(6196,72,75,9),
(6197,72,76,29.5),
(6198,72,77,12),
(6199,72,78,17.5),
(6200,72,79,15.5),
(6201,72,80,12.5),
(6202,72,81,12),
(6203,72,82,32),
(6204,72,83,18),
(6205,72,84,23),
(6206,73,0,30),
(6207,73,1,17),
(6208,73,2,13),
(6209,73,3,25),
(6210,73,4,28.5),
(6211,73,5,18.5),
(6212,73,6,21.5),
(6213,73,7,13.5),
(6214,73,8,16.5),
(6215,73,9,24),
(6216,73,10,25),
(6217,73,11,23.5),
(6218,73,12,25.5),
(6219,73,13,31.5),
(6220,73,14,24.5),
(6221,73,15,24.5),
(6222,73,16,32.5),
(6223,73,17,26),
(6224,73,18,26.5),
(6225,73,19,28),
(6226,73,20,28),
(6227,73,21,24),
(6228,73,22,27),
(6229,73,23,25.5),
(6230,73,24,16),
(6231,73,25,22),
(6232,73,26,26),
(6233,73,27,16),
(6234,73,28,12.5),
(6235,73,29,23),
(6236,73,30,28),
(6237,73,31,28),
(6238,73,32,20.5),
(6239,73,33,22.5),
(6240,73,34,24.5),
(6241,73,35,22.5),
(6242,73,36,20.5),
(6243,73,37,21),
(6244,73,38,28),
(6245,73,39,26),
(6246,73,40,23),
(6247,73,41,21.5),
(6248,73,42,24.5),
(6249,73,43,25.5),
(6250,73,44,23.5),
(6251,73,45,22),
(6252,73,46,21),
(6253,73,47,26.5),
(6254,73,48,28),
(6255,73,49,24.5),
(6256,73,50,23),
(6257,73,51,25),
(6258,73,52,15.5),
(6259,73,53,10.5),
(6260,73,54,13),
(6261,73,55,18.5),
(6262,73,56,16),
(6263,73,57,29.5),
(6264,73,58,20.5),
(6265,73,59,18.5),
(6266,73,60,22.5),
(6267,73,61,25.5),
(6268,73,62,18),
(6269,73,63,17.5),
(6270,73,64,9),
(6271,73,65,26.5),
(6272,73,66,17),
(6273,73,67,12.5),
(6274,73,68,14.5),
(6275,73,69,16.5),
(6276,73,70,14),
(6277,73,71,13),
(6278,73,72,16),
(6279,73,73,0),
(6280,73,74,11.5),
(6281,73,75,10),
(6282,73,76,22.5),
(6283,73,77,10),
(6284,73,78,7.5),
(6285,73,79,10.5),
(6286,73,80,12.5),
(6287,73,81,22),
(6288,73,82,28),
(6289,73,83,19),
(6290,73,84,7),
(6291,74,0,26.5),
(6292,74,1,18.5),
(6293,74,2,13.5),
(6294,74,3,24.5),
(6295,74,4,31),
(6296,74,5,16),
(6297,74,6,25),
(6298,74,7,18),
(6299,74,8,18),
(6300,74,9,21.5),
(6301,74,10,23.5),
(6302,74,11,27),
(6303,74,12,24),
(6304,74,13,30),
(6305,74,14,25),
(6306,74,15,30),
(6307,74,16,35),
(6308,74,17,29.5),
(6309,74,18,30),
(6310,74,19,22.5),
(6311,74,20,25.5),
(6312,74,21,24.5),
(6313,74,22,27.5),
(6314,74,23,23),
(6315,74,24,20.5),
(6316,74,25,28.5),
(6317,74,26,23.5),
(6318,74,27,13.5),
(6319,74,28,18),
(6320,74,29,19.5),
(6321,74,30,27.5),
(6322,74,31,25.5),
(6323,74,32,25),
(6324,74,33,22),
(6325,74,34,24),
(6326,74,35,22),
(6327,74,36,18),
(6328,74,37,18.5),
(6329,74,38,25.5),
(6330,74,39,20.5),
(6331,74,40,20.5),
(6332,74,41,19),
(6333,74,42,25),
(6334,74,43,21),
(6335,74,44,21),
(6336,74,45,19.5),
(6337,74,46,24.5),
(6338,74,47,24),
(6339,74,48,25.5),
(6340,74,49,27),
(6341,74,50,24.5),
(6342,74,51,26.5),
(6343,74,52,13),
(6344,74,53,13),
(6345,74,54,13.5),
(6346,74,55,17),
(6347,74,56,14.5),
(6348,74,57,24),
(6349,74,58,18),
(6350,74,59,23),
(6351,74,60,20),
(6352,74,61,26),
(6353,74,62,12.5),
(6354,74,63,23),
(6355,74,64,12.5),
(6356,74,65,24),
(6357,74,66,14.5),
(6358,74,67,13),
(6359,74,68,11),
(6360,74,69,12),
(6361,74,70,12.5),
(6362,74,71,10.5),
(6363,74,72,13.5),
(6364,74,73,11.5),
(6365,74,74,0),
(6366,74,75,10.5),
(6367,74,76,19),
(6368,74,77,13.5),
(6369,74,78,13),
(6370,74,79,14),
(6371,74,80,11),
(6372,74,81,19.5),
(6373,74,82,30.5),
(6374,74,83,16.5),
(6375,74,84,15.5),
(6376,75,0,25),
(6377,75,1,14),
(6378,75,2,15),
(6379,75,3,20),
(6380,75,4,29.5),
(6381,75,5,14.5),
(6382,75,6,14.5),
(6383,75,7,10.5),
(6384,75,8,13.5),
(6385,75,9,20),
(6386,75,10,16),
(6387,75,11,19.5),
(6388,75,12,19.5),
(6389,75,13,25.5),
(6390,75,14,17.5),
(6391,75,15,19.5),
(6392,75,16,30.5),
(6393,75,17,22),
(6394,75,18,22.5),
(6395,75,19,21),
(6396,75,20,21),
(6397,75,21,20),
(6398,75,22,20),
(6399,75,23,18.5),
(6400,75,24,19),
(6401,75,25,18),
(6402,75,26,19),
(6403,75,27,12),
(6404,75,28,13.5),
(6405,75,29,18),
(6406,75,30,20),
(6407,75,31,18),
(6408,75,32,14.5),
(6409,75,33,17.5),
(6410,75,34,19.5),
(6411,75,35,17.5),
(6412,75,36,16.5),
(6413,75,37,17),
(6414,75,38,21),
(6415,75,39,19),
(6416,75,40,19),
(6417,75,41,17.5),
(6418,75,42,17.5),
(6419,75,43,19.5),
(6420,75,44,13.5),
(6421,75,45,18),
(6422,75,46,17),
(6423,75,47,19.5),
(6424,75,48,21),
(6425,75,49,22.5),
(6426,75,50,17),
(6427,75,51,19),
(6428,75,52,11.5),
(6429,75,53,11.5),
(6430,75,54,12),
(6431,75,55,15.5),
(6432,75,56,16),
(6433,75,57,19.5),
(6434,75,58,19.5),
(6435,75,59,12.5),
(6436,75,60,18.5),
(6437,75,61,18.5),
(6438,75,62,14),
(6439,75,63,18.5),
(6440,75,64,8),
(6441,75,65,22.5),
(6442,75,66,10),
(6443,75,67,8.5),
(6444,75,68,12.5),
(6445,75,69,16.5),
(6446,75,70,5),
(6447,75,71,9),
(6448,75,72,9),
(6449,75,73,10),
(6450,75,74,10.5),
(6451,75,75,0),
(6452,75,76,20.5),
(6453,75,77,6),
(6454,75,78,11.5),
(6455,75,79,12.5),
(6456,75,80,15.5),
(6457,75,81,12),
(6458,75,82,26),
(6459,75,83,12),
(6460,75,84,17),
(6461,76,0,35.5),
(6462,76,1,18.5),
(6463,76,2,23.5),
(6464,76,3,29.5),
(6465,76,4,28),
(6466,76,5,35),
(6467,76,6,35),
(6468,76,7,18),
(6469,76,8,24),
(6470,76,9,39.5),
(6471,76,10,34.5),
(6472,76,11,34),
(6473,76,12,33),
(6474,76,13,40),
(6475,76,14,36),
(6476,76,15,38),
(6477,76,16,38),
(6478,76,17,36.5),
(6479,76,18,37),
(6480,76,19,32.5),
(6481,76,20,38.5),
(6482,76,21,39.5),
(6483,76,22,27.5),
(6484,76,23,31),
(6485,76,24,31.5),
(6486,76,25,35.5),
(6487,76,26,36.5),
(6488,76,27,32.5),
(6489,76,28,20),
(6490,76,29,29.5),
(6491,76,30,36.5),
(6492,76,31,38.5),
(6493,76,32,32),
(6494,76,33,30),
(6495,76,34,35),
(6496,76,35,30),
(6497,76,36,37),
(6498,76,37,36.5),
(6499,76,38,36.5),
(6500,76,39,31.5),
(6501,76,40,37.5),
(6502,76,41,33),
(6503,76,42,36),
(6504,76,43,30),
(6505,76,44,34),
(6506,76,45,38.5),
(6507,76,46,37.5),
(6508,76,47,40),
(6509,76,48,34.5),
(6510,76,49,32),
(6511,76,50,33.5),
(6512,76,51,38.5),
(6513,76,52,30),
(6514,76,53,24),
(6515,76,54,29.5),
(6516,76,55,35),
(6517,76,56,19.5),
(6518,76,57,33),
(6519,76,58,35),
(6520,76,59,29),
(6521,76,60,34),
(6522,76,61,38),
(6523,76,62,30.5),
(6524,76,63,26),
(6525,76,64,27.5),
(6526,76,65,34),
(6527,76,66,21.5),
(6528,76,67,26),
(6529,76,68,17),
(6530,76,69,24),
(6531,76,70,21.5),
(6532,76,71,26.5),
(6533,76,72,29.5),
(6534,76,73,22.5),
(6535,76,74,19),
(6536,76,75,20.5),
(6537,76,76,0),
(6538,76,77,26.5),
(6539,76,78,18),
(6540,76,79,29),
(6541,76,80,29),
(6542,76,81,30.5),
(6543,76,82,35.5),
(6544,76,83,29.5),
(6545,76,84,21.5),
(6546,77,0,25),
(6547,77,1,17),
(6548,77,2,12),
(6549,77,3,20),
(6550,77,4,32.5),
(6551,77,5,11.5),
(6552,77,6,11.5),
(6553,77,7,13.5),
(6554,77,8,13.5),
(6555,77,9,17),
(6556,77,10,16),
(6557,77,11,16.5),
(6558,77,12,16.5),
(6559,77,13,22.5),
(6560,77,14,14.5),
(6561,77,15,16.5),
(6562,77,16,27.5),
(6563,77,17,19),
(6564,77,18,19.5),
(6565,77,19,21),
(6566,77,20,18),
(6567,77,21,14),
(6568,77,22,17),
(6569,77,23,18.5),
(6570,77,24,13),
(6571,77,25,15),
(6572,77,26,16),
(6573,77,27,9),
(6574,77,28,13.5),
(6575,77,29,15),
(6576,77,30,20),
(6577,77,31,18),
(6578,77,32,14.5),
(6579,77,33,17.5),
(6580,77,34,19.5),
(6581,77,35,14.5),
(6582,77,36,13.5),
(6583,77,37,14),
(6584,77,38,21),
(6585,77,39,19),
(6586,77,40,16),
(6587,77,41,11.5),
(6588,77,42,14.5),
(6589,77,43,19.5),
(6590,77,44,13.5),
(6591,77,45,15),
(6592,77,46,11),
(6593,77,47,16.5),
(6594,77,48,18),
(6595,77,49,22.5),
(6596,77,50,14),
(6597,77,51,19),
(6598,77,52,8.5),
(6599,77,53,8.5),
(6600,77,54,9),
(6601,77,55,12.5),
(6602,77,56,19),
(6603,77,57,19.5),
(6604,77,58,13.5),
(6605,77,59,12.5),
(6606,77,60,12.5),
(6607,77,61,15.5),
(6608,77,62,11),
(6609,77,63,18.5),
(6610,77,64,5),
(6611,77,65,19.5),
(6612,77,66,16),
(6613,77,67,8.5),
(6614,77,68,12.5),
(6615,77,69,16.5),
(6616,77,70,11),
(6617,77,71,9),
(6618,77,72,12),
(6619,77,73,10),
(6620,77,74,13.5),
(6621,77,75,6),
(6622,77,76,26.5),
(6623,77,77,0),
(6624,77,78,11.5),
(6625,77,79,9.5),
(6626,77,80,12.5),
(6627,77,81,12),
(6628,77,82,23),
(6629,77,83,9),
(6630,77,84,17),
(6631,78,0,25.5),
(6632,78,1,12.5),
(6633,78,2,11.5),
(6634,78,3,17.5),
(6635,78,4,21),
(6636,78,5,23),
(6637,78,6,20),
(6638,78,7,12),
(6639,78,8,15),
(6640,78,9,28.5),
(6641,78,10,23.5),
(6642,78,11,22),
(6643,78,12,21),
(6644,78,13,27),
(6645,78,14,23),
(6646,78,15,23),
(6647,78,16,28),
(6648,78,17,24.5),
(6649,78,18,25),
(6650,78,19,20.5),
(6651,78,20,26.5),
(6652,78,21,25.5),
(6653,78,22,25.5),
(6654,78,23,21),
(6655,78,24,14.5),
(6656,78,25,20.5),
(6657,78,26,21.5),
(6658,78,27,20.5),
(6659,78,28,8),
(6660,78,29,21.5),
(6661,78,30,29.5),
(6662,78,31,29.5),
(6663,78,32,19),
(6664,78,33,21),
(6665,78,34,23),
(6666,78,35,21),
(6667,78,36,25),
(6668,78,37,25.5),
(6669,78,38,23.5),
(6670,78,39,21.5),
(6671,78,40,27.5),
(6672,78,41,20),
(6673,78,42,26),
(6674,78,43,21),
(6675,78,44,22),
(6676,78,45,23.5),
(6677,78,46,19.5),
(6678,78,47,28),
(6679,78,48,23.5),
(6680,78,49,20),
(6681,78,50,18.5),
(6682,78,51,23.5),
(6683,78,52,20),
(6684,78,53,15),
(6685,78,54,14.5),
(6686,78,55,23),
(6687,78,56,11.5),
(6688,78,57,25),
(6689,78,58,22),
(6690,78,59,17),
(6691,78,60,18),
(6692,78,61,24),
(6693,78,62,19.5),
(6694,78,63,16),
(6695,78,64,13.5),
(6696,78,65,19),
(6697,78,66,12.5),
(6698,78,67,14),
(6699,78,68,10),
(6700,78,69,12),
(6701,78,70,15.5),
(6702,78,71,14.5),
(6703,78,72,17.5),
(6704,78,73,7.5),
(6705,78,74,13),
(6706,78,75,11.5),
(6707,78,76,18),
(6708,78,77,11.5),
(6709,78,78,0),
(6710,78,79,15),
(6711,78,80,14),
(6712,78,81,23.5),
(6713,78,82,23.5),
(6714,78,83,17.5),
(6715,78,84,8.5),
(6716,79,0,25.5),
(6717,79,1,17.5),
(6718,79,2,9.5),
(6719,79,3,20.5),
(6720,79,4,30),
(6721,79,5,15),
(6722,79,6,18),
(6723,79,7,17),
(6724,79,8,17),
(6725,79,9,19.5),
(6726,79,10,21.5),
(6727,79,11,23),
(6728,79,12,20),
(6729,79,13,23),
(6730,79,14,21),
(6731,79,15,20),
(6732,79,16,31),
(6733,79,17,25.5),
(6734,79,18,23),
(6735,79,19,21.5),
(6736,79,20,24.5),
(6737,79,21,19.5),
(6738,79,22,23.5),
(6739,79,23,19),
(6740,79,24,12.5),
(6741,79,25,21.5),
(6742,79,26,19.5),
(6743,79,27,12.5),
(6744,79,28,17),
(6745,79,29,18.5),
(6746,79,30,26.5),
(6747,79,31,24.5),
(6748,79,32,18),
(6749,79,33,21),
(6750,79,34,20),
(6751,79,35,18),
(6752,79,36,17),
(6753,79,37,16.5),
(6754,79,38,21.5),
(6755,79,39,19.5),
(6756,79,40,19.5),
(6757,79,41,15),
(6758,79,42,21),
(6759,79,43,22),
(6760,79,44,23),
(6761,79,45,21.5),
(6762,79,46,17.5),
(6763,79,47,23),
(6764,79,48,21.5),
(6765,79,49,23),
(6766,79,50,17.5),
(6767,79,51,22.5),
(6768,79,52,12),
(6769,79,53,8),
(6770,79,54,9.5),
(6771,79,55,16),
(6772,79,56,15.5),
(6773,79,57,22),
(6774,79,58,20),
(6775,79,59,19),
(6776,79,60,19),
(6777,79,61,21),
(6778,79,62,10.5),
(6779,79,63,24),
(6780,79,64,4.5),
(6781,79,65,20),
(6782,79,66,16.5),
(6783,79,67,11),
(6784,79,68,16),
(6785,79,69,17),
(6786,79,70,14.5),
(6787,79,71,15.5),
(6788,79,72,15.5),
(6789,79,73,10.5),
(6790,79,74,14),
(6791,79,75,12.5),
(6792,79,76,29),
(6793,79,77,9.5),
(6794,79,78,15),
(6795,79,79,0),
(6796,79,80,10),
(6797,79,81,18.5),
(6798,79,82,26.5),
(6799,79,83,15.5),
(6800,79,84,11.5),
(6801,80,0,24.5),
(6802,80,1,19.5),
(6803,80,2,15.5),
(6804,80,3,19.5),
(6805,80,4,29),
(6806,80,5,12),
(6807,80,6,21),
(6808,80,7,19),
(6809,80,8,16),
(6810,80,9,17.5),
(6811,80,10,21.5),
(6812,80,11,26),
(6813,80,12,22),
(6814,80,13,19),
(6815,80,14,18),
(6816,80,15,22),
(6817,80,16,33),
(6818,80,17,28.5),
(6819,80,18,26),
(6820,80,19,21.5),
(6821,80,20,24.5),
(6822,80,21,17.5),
(6823,80,22,26.5),
(6824,80,23,25),
(6825,80,24,15.5),
(6826,80,25,24.5),
(6827,80,26,19.5),
(6828,80,27,12.5),
(6829,80,28,19),
(6830,80,29,14.5),
(6831,80,30,22.5),
(6832,80,31,21.5),
(6833,80,32,23),
(6834,80,33,20),
(6835,80,34,19),
(6836,80,35,17),
(6837,80,36,14),
(6838,80,37,14.5),
(6839,80,38,21.5),
(6840,80,39,19.5),
(6841,80,40,16.5),
(6842,80,41,12),
(6843,80,42,18),
(6844,80,43,22),
(6845,80,44,20),
(6846,80,45,18.5),
(6847,80,46,20.5),
(6848,80,47,20),
(6849,80,48,18.5),
(6850,80,49,28),
(6851,80,50,19.5),
(6852,80,51,21.5),
(6853,80,52,12),
(6854,80,53,14),
(6855,80,54,12.5),
(6856,80,55,12),
(6857,80,56,18.5),
(6858,80,57,26),
(6859,80,58,20),
(6860,80,59,21),
(6861,80,60,19),
(6862,80,61,19),
(6863,80,62,8.5),
(6864,80,63,21),
(6865,80,64,11.5),
(6866,80,65,26),
(6867,80,66,19.5),
(6868,80,67,12),
(6869,80,68,15),
(6870,80,69,13),
(6871,80,70,16.5),
(6872,80,71,6.5),
(6873,80,72,12.5),
(6874,80,73,12.5),
(6875,80,74,11),
(6876,80,75,15.5),
(6877,80,76,29),
(6878,80,77,12.5),
(6879,80,78,14),
(6880,80,79,10),
(6881,80,80,0),
(6882,80,81,15.5),
(6883,80,82,28.5),
(6884,80,83,15.5),
(6885,80,84,13.5),
(6886,81,0,16),
(6887,81,1,23),
(6888,81,2,21),
(6889,81,3,15),
(6890,81,4,35.5),
(6891,81,5,10.5),
(6892,81,6,10.5),
(6893,81,7,18.5),
(6894,81,8,19.5),
(6895,81,9,11),
(6896,81,10,10),
(6897,81,11,16.5),
(6898,81,12,16.5),
(6899,81,13,14.5),
(6900,81,14,6.5),
(6901,81,15,15.5),
(6902,81,16,24.5),
(6903,81,17,19),
(6904,81,18,19.5),
(6905,81,19,15),
(6906,81,20,14),
(6907,81,21,11),
(6908,81,22,15),
(6909,81,23,16.5),
(6910,81,24,16),
(6911,81,25,15),
(6912,81,26,12),
(6913,81,27,12),
(6914,81,28,21.5),
(6915,81,29,12),
(6916,81,30,9),
(6917,81,31,9),
(6918,81,32,12.5),
(6919,81,33,9.5),
(6920,81,34,12.5),
(6921,81,35,8.5),
(6922,81,36,7.5),
(6923,81,37,8),
(6924,81,38,12),
(6925,81,39,11),
(6926,81,40,8),
(6927,81,41,6.5),
(6928,81,42,6.5),
(6929,81,43,14.5),
(6930,81,44,7.5),
(6931,81,45,11),
(6932,81,46,13),
(6933,81,47,10.5),
(6934,81,48,10),
(6935,81,49,21.5),
(6936,81,50,14),
(6937,81,51,12),
(6938,81,52,9.5),
(6939,81,53,15.5),
(6940,81,54,15),
(6941,81,55,12.5),
(6942,81,56,25),
(6943,81,57,16.5),
(6944,81,58,13.5),
(6945,81,59,9.5),
(6946,81,60,12.5),
(6947,81,61,9.5),
(6948,81,62,11),
(6949,81,63,18.5),
(6950,81,64,14),
(6951,81,65,22.5),
(6952,81,66,19),
(6953,81,67,12.5),
(6954,81,68,19.5),
(6955,81,69,25.5),
(6956,81,70,14),
(6957,81,71,9),
(6958,81,72,12),
(6959,81,73,22),
(6960,81,74,19.5),
(6961,81,75,12),
(6962,81,76,30.5),
(6963,81,77,12),
(6964,81,78,23.5),
(6965,81,79,18.5),
(6966,81,80,15.5),
(6967,81,81,0),
(6968,81,82,22),
(6969,81,83,9),
(6970,81,84,27),
(6971,82,0,15),
(6972,82,1,21),
(6973,82,2,20),
(6974,82,3,21),
(6975,82,4,25.5),
(6976,82,5,29.5),
(6977,82,6,17.5),
(6978,82,7,21.5),
(6979,82,8,15.5),
(6980,82,9,25),
(6981,82,10,20),
(6982,82,11,12.5),
(6983,82,12,9.5),
(6984,82,13,20.5),
(6985,82,14,22.5),
(6986,82,15,15.5),
(6987,82,16,12.5),
(6988,82,17,10),
(6989,82,18,12.5),
(6990,82,19,17),
(6991,82,20,14),
(6992,82,21,28),
(6993,82,22,16),
(6994,82,23,12.5),
(6995,82,24,17),
(6996,82,25,14),
(6997,82,26,13),
(6998,82,27,29),
(6999,82,28,21.5),
(7000,82,29,21),
(7001,82,30,29),
(7002,82,31,26),
(7003,82,32,16.5),
(7004,82,33,20.5),
(7005,82,34,21.5),
(7006,82,35,17.5),
(7007,82,36,27.5),
(7008,82,37,28),
(7009,82,38,19),
(7010,82,39,15),
(7011,82,40,30),
(7012,82,41,22.5),
(7013,82,42,25.5),
(7014,82,43,15.5),
(7015,82,44,24.5),
(7016,82,45,26),
(7017,82,46,18),
(7018,82,47,30.5),
(7019,82,48,21),
(7020,82,49,8.5),
(7021,82,50,15),
(7022,82,51,16),
(7023,82,52,28.5),
(7024,82,53,23.5),
(7025,82,54,29),
(7026,82,55,31.5),
(7027,82,56,26),
(7028,82,57,13.5),
(7029,82,58,20.5),
(7030,82,59,16.5),
(7031,82,60,21.5),
(7032,82,61,20.5),
(7033,82,62,28),
(7034,82,63,12.5),
(7035,82,64,25),
(7036,82,65,15.5),
(7037,82,66,19),
(7038,82,67,26.5),
(7039,82,68,27.5),
(7040,82,69,24.5),
(7041,82,70,24),
(7042,82,71,29),
(7043,82,72,32),
(7044,82,73,28),
(7045,82,74,30.5),
(7046,82,75,26),
(7047,82,76,35.5),
(7048,82,77,23),
(7049,82,78,23.5),
(7050,82,79,26.5),
(7051,82,80,28.5),
(7052,82,81,22),
(7053,82,82,0),
(7054,82,83,17),
(7055,82,84,32),
(7056,83,0,16),
(7057,83,1,20),
(7058,83,2,18),
(7059,83,3,17),
(7060,83,4,32.5),
(7061,83,5,17.5),
(7062,83,6,11.5),
(7063,83,7,19.5),
(7064,83,8,16.5),
(7065,83,9,14),
(7066,83,10,13),
(7067,83,11,16.5),
(7068,83,12,13.5),
(7069,83,13,13.5),
(7070,83,14,11.5),
(7071,83,15,13.5),
(7072,83,16,24.5),
(7073,83,17,16),
(7074,83,18,19.5),
(7075,83,19,12),
(7076,83,20,15),
(7077,83,21,14),
(7078,83,22,14),
(7079,83,23,15.5),
(7080,83,24,13),
(7081,83,25,12),
(7082,83,26,10),
(7083,83,27,15),
(7084,83,28,22.5),
(7085,83,29,12),
(7086,83,30,17),
(7087,83,31,12),
(7088,83,32,11.5),
(7089,83,33,14.5),
(7090,83,34,10.5),
(7091,83,35,8.5),
(7092,83,36,13.5),
(7093,83,37,14),
(7094,83,38,12),
(7095,83,39,10),
(7096,83,40,16),
(7097,83,41,8.5),
(7098,83,42,11.5),
(7099,83,43,10.5),
(7100,83,44,10.5),
(7101,83,45,15),
(7102,83,46,11),
(7103,83,47,16.5),
(7104,83,48,12),
(7105,83,49,16.5),
(7106,83,50,11),
(7107,83,51,13),
(7108,83,52,14.5),
(7109,83,53,17.5),
(7110,83,54,15),
(7111,83,55,18.5),
(7112,83,56,25),
(7113,83,57,13.5),
(7114,83,58,13.5),
(7115,83,59,12.5),
(7116,83,60,9.5),
(7117,83,61,12.5),
(7118,83,62,14),
(7119,83,63,18.5),
(7120,83,64,14),
(7121,83,65,19.5),
(7122,83,66,19),
(7123,83,67,14.5),
(7124,83,68,15.5),
(7125,83,69,19.5),
(7126,83,70,17),
(7127,83,71,15),
(7128,83,72,18),
(7129,83,73,19),
(7130,83,74,16.5),
(7131,83,75,12),
(7132,83,76,29.5),
(7133,83,77,9),
(7134,83,78,17.5),
(7135,83,79,15.5),
(7136,83,80,15.5),
(7137,83,81,9),
(7138,83,82,17),
(7139,83,83,0),
(7140,83,84,23),
(7141,84,0,32),
(7142,84,1,18),
(7143,84,2,14),
(7144,84,3,24),
(7145,84,4,24.5),
(7146,84,5,25.5),
(7147,84,6,28.5),
(7148,84,7,17.5),
(7149,84,8,20.5),
(7150,84,9,31),
(7151,84,10,32),
(7152,84,11,30.5),
(7153,84,12,29.5),
(7154,84,13,30.5),
(7155,84,14,29.5),
(7156,84,15,28.5),
(7157,84,16,34.5),
(7158,84,17,33),
(7159,84,18,30.5),
(7160,84,19,29),
(7161,84,20,35),
(7162,84,21,31),
(7163,84,22,32),
(7164,84,23,27.5),
(7165,84,24,20),
(7166,84,25,29),
(7167,84,26,30),
(7168,84,27,23),
(7169,84,28,16.5),
(7170,84,29,27),
(7171,84,30,33),
(7172,84,31,35),
(7173,84,32,25.5),
(7174,84,33,27.5),
(7175,84,34,28.5),
(7176,84,35,24.5),
(7177,84,36,27.5),
(7178,84,37,28),
(7179,84,38,30),
(7180,84,39,28),
(7181,84,40,28),
(7182,84,41,23.5),
(7183,84,42,29.5),
(7184,84,43,27.5),
(7185,84,44,30.5),
(7186,84,45,29),
(7187,84,46,28),
(7188,84,47,33.5),
(7189,84,48,30),
(7190,84,49,28.5),
(7191,84,50,27),
(7192,84,51,32),
(7193,84,52,20.5),
(7194,84,53,15.5),
(7195,84,54,17),
(7196,84,55,25.5),
(7197,84,56,17),
(7198,84,57,33.5),
(7199,84,58,25.5),
(7200,84,59,25.5),
(7201,84,60,24.5),
(7202,84,61,32.5),
(7203,84,62,22),
(7204,84,63,24.5),
(7205,84,64,16),
(7206,84,65,27.5),
(7207,84,66,21),
(7208,84,67,17.5),
(7209,84,68,13.5),
(7210,84,69,14.5),
(7211,84,70,21),
(7212,84,71,20),
(7213,84,72,23),
(7214,84,73,7),
(7215,84,74,15.5),
(7216,84,75,17),
(7217,84,76,21.5),
(7218,84,77,17),
(7219,84,78,8.5),
(7220,84,79,11.5),
(7221,84,80,13.5),
(7222,84,81,27),
(7223,84,82,32),
(7224,84,83,23),
(7225,84,84,0);

/*Table structure for table `jenis_user` */

DROP TABLE IF EXISTS `jenis_user`;

CREATE TABLE `jenis_user` (
  `id_j_user` int(3) NOT NULL,
  `n_j_user` varchar(10) DEFAULT NULL,
  PRIMARY KEY (`id_j_user`)
) ENGINE=InnoDB DEFAULT CHARSET=latin1;

/*Data for the table `jenis_user` */

insert  into `jenis_user`(`id_j_user`,`n_j_user`) values 
(1,'Admin'),
(2,'Mahasiswa'),
(3,'Dosen'),
(4,'Kaprodi');

/*Table structure for table `login` */

DROP TABLE IF EXISTS `login`;

CREATE TABLE `login` (
  `id_login` int(3) NOT NULL AUTO_INCREMENT,
  `id_priv` int(3) DEFAULT NULL,
  `username` varchar(200) DEFAULT NULL,
  `password` varchar(200) DEFAULT NULL,
  PRIMARY KEY (`id_login`)
) ENGINE=InnoDB AUTO_INCREMENT=112 DEFAULT CHARSET=latin1;

/*Data for the table `login` */

insert  into `login`(`id_login`,`id_priv`,`username`,`password`) values 
(1,2,'10622089','12345'),
(2,2,'10622039','12345'),
(3,2,'10622031','12345'),
(4,2,'10622081','12345'),
(5,2,'10622046','12345'),
(6,2,'10622047','12345'),
(7,2,'10622078','12345'),
(8,2,'10622054','12345'),
(9,2,'10622045','12345'),
(10,2,'10621082','12345'),
(11,2,'10621099','12345'),
(12,2,'10621092','12345'),
(13,2,'10621078','12345'),
(14,2,'10621060','12345'),
(15,2,'10621054','12345'),
(16,2,'10621068','12345'),
(17,2,'10621094','12345'),
(18,2,'10621093','12345'),
(19,2,'10621071','12345'),
(20,2,'10621084','12345'),
(21,2,'10621070','12345'),
(22,2,'10621100','12345'),
(23,2,'10621067','12345'),
(24,2,'10621090','12345'),
(25,2,'10621098','12345'),
(26,2,'10621069','12345'),
(27,2,'10621080','12345'),
(28,2,'10622056','12345'),
(29,2,'10622059','12345'),
(30,2,'10621039','12345'),
(31,2,'10621049','12345'),
(32,2,'10621055','12345'),
(33,2,'10621029','12345'),
(34,2,'10621042','12345'),
(35,2,'10621044','12345'),
(36,2,'10621033','12345'),
(37,2,'10621051','12345'),
(38,2,'10621058','12345'),
(39,2,'10621057','12345'),
(40,2,'10621059','12345'),
(41,2,'10621041','12345'),
(42,2,'10621034','12345'),
(43,2,'10621035','12345'),
(44,2,'10621022','12345'),
(45,2,'10621021','12345'),
(46,2,'10621001','12345'),
(47,2,'10621007','12345'),
(48,2,'10621052','12345'),
(49,2,'10621066','12345'),
(50,2,'10621088','12345'),
(51,2,'10621073','12345'),
(52,2,'10621061','12345'),
(53,2,'10622048','12345'),
(54,2,'10622063','12345'),
(55,2,'10622040','12345'),
(56,2,'10622053','12345'),
(57,2,'10622061','12345'),
(58,2,'10622084','12345'),
(59,2,'10622077','12345'),
(60,2,'10622083','12345'),
(61,2,'10622082','12345'),
(62,2,'10622088','12345'),
(63,2,'10622004','12345'),
(64,2,'10622079','12345'),
(65,2,'10622010','12345'),
(66,2,'10622085','12345'),
(67,2,'10622043','12345'),
(68,2,'10622066','12345'),
(69,2,'69','12345'),
(70,2,'10622015','12345'),
(71,2,'10622032','12345'),
(72,2,'10622019','12345'),
(73,2,'10622001','12345'),
(74,2,'10622014','12345'),
(75,2,'10622005','12345'),
(76,2,'10622023','12345'),
(77,2,'10621008','12345'),
(78,2,'10622024','12345'),
(79,2,'10622006','12345'),
(80,2,'10622030','12345'),
(81,2,'10622029','12345'),
(82,2,'10621002','12345'),
(83,2,'10621075','12345'),
(84,2,'10621010','12345'),
(85,2,'10622018','12345'),
(86,2,NULL,NULL),
(88,2,NULL,NULL),
(89,2,NULL,NULL),
(90,3,'dosen2','dosen2'),
(91,3,'dosen3','dosen3'),
(97,1,'admin','admin'),
(100,3,'dosen4','dosen4'),
(101,3,'dosen5','dosen5'),
(102,3,'dosen6','dosen6'),
(103,3,'dosen7','dosen7'),
(104,3,'dosen8','dosen8'),
(105,3,'dosen9','dosen9'),
(106,3,'dosen10','dosen10'),
(107,3,'dosen11','dosen11'),
(108,3,'dosen12','dosen12'),
(109,3,'dosen13','dosen13'),
(110,3,'dosen14','dosen14'),
(111,3,'dosen15','dosen15');

/*Table structure for table `mahasiswa` */

DROP TABLE IF EXISTS `mahasiswa`;

CREATE TABLE `mahasiswa` (
  `id_mhs` int(3) NOT NULL AUTO_INCREMENT,
  `nim` int(8) DEFAULT NULL,
  `nama` varchar(40) DEFAULT NULL,
  `id_login` int(11) NOT NULL DEFAULT '0',
  `tahun_masuk` int(4) DEFAULT NULL,
  PRIMARY KEY (`id_mhs`)
) ENGINE=InnoDB AUTO_INCREMENT=93 DEFAULT CHARSET=latin1;

/*Data for the table `mahasiswa` */

insert  into `mahasiswa`(`id_mhs`,`nim`,`nama`,`id_login`,`tahun_masuk`) values 
(1,10622089,'AHMAD SAIFUDDIN',1,2010),
(2,10622039,'AKHMAD FIRMANSYAH',2,2010),
(3,10622031,'MUHAMMAD SHOFIHIN',3,2010),
(4,10622081,'DIONIKO SEPTYONDA',4,2010),
(5,10622046,'DEDY RUSDIANTO',5,2010),
(6,10622047,'FEBRIAN RAINBOW PERDANA PUTRA',6,2010),
(7,10622078,'MOCHAMAD BENI MASHUD',7,2010),
(8,10622054,'MOHAMMAD LUKMAN KHAKIM',8,2010),
(9,10622045,'FAHMI MAULANA',9,2010),
(10,10621082,'MUHAMMAD NIZAM AL ANSHORI',10,2010),
(11,10621099,'NURUL WILDATUR RAHMA',11,2010),
(12,10621092,'BARRY SETYA D.',12,2010),
(13,10621078,'MUHAMMAD NUR YAQIN',13,2010),
(14,10621060,'MOH. ABDI SETIAWAN',14,2010),
(15,10621054,'DIMAS ANGGORO SAPTO ADI',15,2010),
(16,10621068,'MOH. HUSSEN ALHABSYIH',16,2010),
(17,10621094,'MUHAMMAD KAFILUDIN',17,2010),
(18,10621093,'CANDRA FERNANDO',18,2010),
(19,10621071,'HUSNUL KHULUQ',19,2010),
(20,10621084,'ARIF RAHMAT WAHYUDI',20,2010),
(21,10621070,'SATRIA PRATAMA NUR JULIANTO',21,2010),
(22,10621100,'MUHAMMAD ZABAN JAUHARI',22,2010),
(23,10621067,'ACHMAD DEDDY DWI DARMAWAN',23,2010),
(24,10621090,'FRIDAY ARIES LAKSANA WIBAWA',24,2010),
(25,10621098,'ALIFAH UMI FATHONAH',25,2010),
(26,10621069,'MOHAMAD BAHARUDDIN RABANI',26,2010),
(27,10621080,'ICHA ZULFIA',27,2010),
(28,10622056,'ANGGRAINI TIKA PUSPITASARI',28,2010),
(29,10622059,'ACHMAD FARIS BUDIANSYAH',29,2010),
(30,10621039,'MUCHSIN AL BASYAR',30,2010),
(31,10621049,'MUHAMMAD SYARIF',31,2010),
(32,10621055,'MUHAMMAD HABIBULLOH',32,2010),
(33,10621029,'FIRMAN RENGGA SAPUTRA',33,2010),
(34,10621042,'FAHMI DWI NOVIANTO',34,2010),
(35,10621044,'AHMAD FAHMI AFIFUDDIN',35,2010),
(36,10621033,'NUR JAYATI',36,2010),
(37,10621051,'AUNUR RASYID',37,2010),
(38,10621058,'SEPTYAN CHUSNUL FAJAR',38,2010),
(39,10621057,'TRENDY VALENTINO',39,2010),
(40,10621059,'M. KAMIL KUSUMA NEGARA',40,2010),
(41,10621041,'MEINGGAN VILIAN SARI',41,2010),
(42,10621034,'SINTIYA EMILIYA HARDI',42,2010),
(43,10621035,'MUHAMMAD FATHUR ROZI',43,2010),
(44,10621022,'AKHMAD KHOIRUL BAKHRIS',44,2010),
(45,10621021,'NUR EVA LATIFAH',45,2010),
(46,10621001,'LOLITA APRILLA',46,2010),
(47,10621007,'DEVI PURNAMA SARI',47,2010),
(48,10621052,'SYARIFATUL MUDAWAMAH',48,2010),
(49,10621066,'KOMARUDDIN',49,2010),
(50,10621088,'ANDI SAPUTRO',50,2010),
(51,10621073,'MUHAMMAD HAMDI ASROFI',51,2010),
(52,10621061,'ZAINUL ABIDIN',52,2010),
(53,10622048,'KUSUMANIGRUM',53,2010),
(54,10622063,'FIYA ROHMAWATI',54,2010),
(55,10622040,'NIHAYATUS SAADAH',55,2010),
(56,10622053,'FATIMATUZ ZAHROH',56,2010),
(57,10622061,'JAZULI KHIBIYAN',57,2010),
(58,10622084,'ACHMAD SYAIFUL AZIZ',58,2010),
(59,10622077,'EVI PUTRI MAULIDIA',59,2010),
(60,10622083,'SITI AISYAH',60,2010),
(61,10622082,'YUDI ROSYADI',61,2010),
(62,10622088,'IVAN ROSYADY',62,2010),
(63,10622004,'MOHAMAD SYAIFUDDIN',63,2010),
(64,10622079,'ERMELINDO DE ARAUJO GOMES',64,2010),
(65,10622010,'PERDANA KUSWANTORO',65,2010),
(66,10622085,'ABDUS SHOMAD',66,2010),
(67,10622043,'MUHAMMAD SHOLIKHUDDIN',67,2010),
(68,10622066,'MUHAMMAD TAUFIQ',68,2010),
(69,69,'MUHAMAD SUYUL',69,2010),
(70,10622015,'ISA AHMAD ANSHORI',70,2010),
(71,10622032,'FITRIANAH',71,2010),
(72,10622019,'LENI NAFITA WATI',72,2010),
(73,10622001,'NINA MAULFAH',73,2010),
(74,10622014,'RIZKY DHARMAWAN',74,2010),
(75,10622005,'MOCHAMMAD RIZKI SABATA',75,2010),
(76,10622023,'MASHFUFAH',76,2010),
(77,10621008,'FIKI ARFI ARDIANTO',77,2010),
(78,10622024,'NI`MATUZZAHROH',78,2010),
(79,10622006,'WAWAN ERDIYANSYAH',79,2010),
(80,10622030,'PANJI PURNOMO',80,2010),
(81,10622029,'FAJAR KURNIAWAN',81,2010),
(82,10621002,'FARHANA',82,2010),
(83,10621075,'MOHAMMAD NURDIYANSYAH',83,2010),
(84,10621010,'HARIYONO HANAFI',84,2010),
(85,10622018,'ROHMAN',85,2010),
(90,101,'Maryam',1,2010),
(92,102,'Sintiya',89,2010);

/*Table structure for table `mata_kuliah` */

DROP TABLE IF EXISTS `mata_kuliah`;

CREATE TABLE `mata_kuliah` (
  `id_mk` int(2) NOT NULL AUTO_INCREMENT,
  `kode_mk` varchar(5) DEFAULT NULL,
  `n_mk` varchar(30) DEFAULT NULL,
  PRIMARY KEY (`id_mk`)
) ENGINE=InnoDB AUTO_INCREMENT=16 DEFAULT CHARSET=latin1;

/*Data for the table `mata_kuliah` */

insert  into `mata_kuliah`(`id_mk`,`kode_mk`,`n_mk`) values 
(1,'MK_1','Pend. Pancasila & Kewarganegar'),
(2,'MK_2','Pendidikan Agama Islam'),
(3,'MK_3','Elektronika Digital'),
(4,'MK_4','Kalkulus I'),
(5,'MK_5','Logika Informatika'),
(6,'MK_6','Pengantar Teknologi Informasi'),
(7,'MK_7','Prak. Pengantar Teknologi Info'),
(8,'MK_8','Bahasa Indonesia'),
(9,'MK_9','Al Islam & Kemuhammadiyahan I'),
(10,'MK_10','Matematika Diskrit'),
(11,'MK_11','Kalkulus II'),
(12,'MK_12','Organisasi & Arsitektur Komput'),
(13,'MK_13','Aljabar Linier & Matriks'),
(14,'MK_14','Algoritma & Pemrograman'),
(15,'MK_15','Prakt. Algoritma & Pemrograman');

/*Table structure for table `periode` */

DROP TABLE IF EXISTS `periode`;

CREATE TABLE `periode` (
  `id_periode` int(4) NOT NULL AUTO_INCREMENT,
  `semester` int(2) DEFAULT NULL,
  `tahun` int(15) DEFAULT NULL,
  PRIMARY KEY (`id_periode`)
) ENGINE=InnoDB AUTO_INCREMENT=11 DEFAULT CHARSET=latin1;

/*Data for the table `periode` */

insert  into `periode`(`id_periode`,`semester`,`tahun`) values 
(1,1,2010),
(2,1,2011),
(3,1,2012),
(4,1,2013),
(5,1,2014),
(6,2,2010),
(7,2,2011),
(8,2,2012),
(9,2,2013),
(10,2,2014);

/*Table structure for table `peserta_mk` */

DROP TABLE IF EXISTS `peserta_mk`;

CREATE TABLE `peserta_mk` (
  `id_peserta` int(3) NOT NULL AUTO_INCREMENT,
  `id_dosen_mk` int(2) DEFAULT NULL,
  `id_mhs` int(3) DEFAULT NULL,
  `nilai` double DEFAULT NULL,
  PRIMARY KEY (`id_peserta`)
) ENGINE=InnoDB AUTO_INCREMENT=2637 DEFAULT CHARSET=latin1;

/*Data for the table `peserta_mk` */

insert  into `peserta_mk`(`id_peserta`,`id_dosen_mk`,`id_mhs`,`nilai`) values 
(1362,1,1,9),
(1363,1,2,10.5),
(1364,1,3,10.5),
(1365,1,4,10.5),
(1366,1,5,9),
(1367,1,6,10.5),
(1368,1,7,10.5),
(1369,1,8,10.5),
(1370,1,9,10.5),
(1371,1,10,7.5),
(1372,1,11,10.5),
(1373,1,12,10.5),
(1374,1,13,10.5),
(1375,1,14,7.5),
(1376,1,15,10.5),
(1377,1,16,9),
(1378,1,17,10.5),
(1379,1,18,7.5),
(1380,1,19,10.5),
(1381,1,20,9),
(1382,1,21,10.5),
(1383,1,22,10.5),
(1384,1,23,9),
(1385,1,24,10.5),
(1386,1,25,10.5),
(1387,1,26,9),
(1388,1,27,10.5),
(1389,1,28,12),
(1390,1,29,10.5),
(1391,1,30,10.5),
(1392,1,31,10.5),
(1393,1,32,9),
(1394,1,33,9),
(1395,1,34,10.5),
(1396,1,35,9),
(1397,1,36,10.5),
(1398,1,37,10.5),
(1399,1,38,10.5),
(1400,1,39,9),
(1401,1,40,7.5),
(1402,1,41,10.5),
(1403,1,42,10.5),
(1404,1,43,10.5),
(1405,1,44,9),
(1406,1,45,10.5),
(1407,1,46,10.5),
(1408,1,47,9),
(1409,1,48,12),
(1410,1,49,10.5),
(1411,1,50,9),
(1412,1,51,10.5),
(1413,1,52,7.5),
(1414,1,53,12),
(1415,1,54,10.5),
(1416,1,55,10.5),
(1417,1,56,12),
(1418,1,57,10.5),
(1419,1,58,9),
(1420,1,59,10.5),
(1421,1,60,10.5),
(1422,1,61,10.5),
(1423,1,62,10.5),
(1424,1,63,10.5),
(1425,1,64,10.5),
(1426,1,65,10.5),
(1427,1,66,10.5),
(1428,1,67,10.5),
(1429,1,68,10.5),
(1430,1,69,10.5),
(1431,1,70,10.5),
(1432,1,71,10.5),
(1433,1,72,10.5),
(1434,1,73,10.5),
(1435,1,74,10.5),
(1436,1,75,10.5),
(1437,1,76,10.5),
(1438,1,77,10.5),
(1439,1,78,10.5),
(1440,1,79,10.5),
(1441,1,80,10.5),
(1442,1,81,10.5),
(1443,1,82,10.5),
(1444,1,83,7.5),
(1445,1,84,9),
(1446,1,85,10.5),
(1447,2,1,7),
(1448,2,2,8),
(1449,2,3,8),
(1450,2,4,7),
(1451,2,5,7),
(1452,2,6,8),
(1453,2,7,8),
(1454,2,8,8),
(1455,2,9,8),
(1456,2,10,8),
(1457,2,11,8),
(1458,2,12,8),
(1459,2,13,8),
(1460,2,14,7),
(1461,2,15,7),
(1462,2,16,8),
(1463,2,17,7),
(1464,2,18,8),
(1465,2,19,8),
(1466,2,20,8),
(1467,2,21,8),
(1468,2,22,8),
(1469,2,23,3),
(1470,2,24,7),
(1471,2,25,8),
(1472,2,26,8),
(1473,2,27,8),
(1474,2,28,8),
(1475,2,29,8),
(1476,2,30,8),
(1477,2,31,7),
(1478,2,32,8),
(1479,2,33,7),
(1480,2,34,7),
(1481,2,35,8),
(1482,2,36,7),
(1483,2,37,8),
(1484,2,38,8),
(1485,2,39,7),
(1486,2,40,7),
(1487,2,41,7),
(1488,2,42,7),
(1489,2,43,7),
(1490,2,44,7),
(1491,2,45,8),
(1492,2,46,8),
(1493,2,47,8),
(1494,2,48,8),
(1495,2,49,6),
(1496,2,50,8),
(1497,2,51,8),
(1498,2,52,8),
(1499,2,53,7),
(1500,2,54,7),
(1501,2,55,8),
(1502,2,56,8),
(1503,2,57,8),
(1504,2,58,8),
(1505,2,59,7),
(1506,2,60,8),
(1507,2,61,7),
(1508,2,62,8),
(1509,2,63,8),
(1510,2,64,8),
(1511,2,65,8),
(1512,2,66,8),
(1513,2,67,8),
(1514,2,68,7),
(1515,2,69,7),
(1516,2,70,8),
(1517,2,71,8),
(1518,2,72,8),
(1519,2,73,8),
(1520,2,74,8),
(1521,2,75,8),
(1522,2,76,8),
(1523,2,77,0),
(1524,2,78,8),
(1525,2,79,8),
(1526,2,80,8),
(1527,2,81,8),
(1528,2,82,7),
(1529,2,83,8),
(1530,2,84,8),
(1531,2,85,7),
(1532,3,1,10.5),
(1533,3,2,7.5),
(1534,3,3,9),
(1535,3,4,9),
(1536,3,5,7.5),
(1537,3,6,12),
(1538,3,7,12),
(1539,3,8,7.5),
(1540,3,9,12),
(1541,3,10,12),
(1542,3,11,12),
(1543,3,12,12),
(1544,3,13,12),
(1545,3,14,12),
(1546,3,15,12),
(1547,3,16,12),
(1548,3,17,12),
(1549,3,18,12),
(1550,3,19,12),
(1551,3,20,9),
(1552,3,21,12),
(1553,3,22,12),
(1554,3,23,12),
(1555,3,24,10.5),
(1556,3,25,12),
(1557,3,26,12),
(1558,3,27,12),
(1559,3,28,12),
(1560,3,29,7.5),
(1561,3,30,12),
(1562,3,31,12),
(1563,3,32,12),
(1564,3,33,10.5),
(1565,3,34,10.5),
(1566,3,35,10.5),
(1567,3,36,12),
(1568,3,37,12),
(1569,3,38,12),
(1570,3,39,10.5),
(1571,3,40,10.5),
(1572,3,41,12),
(1573,3,42,12),
(1574,3,43,12),
(1575,3,44,10.5),
(1576,3,45,12),
(1577,3,46,12),
(1578,3,47,12),
(1579,3,48,12),
(1580,3,49,12),
(1581,3,50,10.5),
(1582,3,51,12),
(1583,3,52,10.5),
(1584,3,53,12),
(1585,3,54,10.5),
(1586,3,55,9),
(1587,3,56,12),
(1588,3,57,7.5),
(1589,3,58,12),
(1590,3,59,12),
(1591,3,60,12),
(1592,3,61,12),
(1593,3,62,12),
(1594,3,63,12),
(1595,3,64,12),
(1596,3,65,10.5),
(1597,3,66,9),
(1598,3,67,10.5),
(1599,3,68,10.5),
(1600,3,69,7.5),
(1601,3,70,9),
(1602,3,71,10.5),
(1603,3,72,12),
(1604,3,73,10.5),
(1605,3,74,10.5),
(1606,3,75,10.5),
(1607,3,76,10.5),
(1608,3,77,7.5),
(1609,3,78,12),
(1610,3,79,9),
(1611,3,80,10.5),
(1612,3,81,12),
(1613,3,82,12),
(1614,3,83,12),
(1615,3,84,12),
(1616,3,85,9),
(1617,4,1,10.5),
(1618,4,2,6),
(1619,4,3,6),
(1620,4,4,10.5),
(1621,4,5,0),
(1622,4,6,10.5),
(1623,4,7,7.5),
(1624,4,8,6),
(1625,4,9,6),
(1626,4,10,10.5),
(1627,4,11,9),
(1628,4,12,6),
(1629,4,13,7.5),
(1630,4,14,12),
(1631,4,15,10.5),
(1632,4,16,7.5),
(1633,4,17,6),
(1634,4,18,6),
(1635,4,19,6),
(1636,4,20,10.5),
(1637,4,21,9),
(1638,4,22,10.5),
(1639,4,23,7.5),
(1640,4,24,7.5),
(1641,4,25,6),
(1642,4,26,6),
(1643,4,27,9),
(1644,4,28,9),
(1645,4,29,6),
(1646,4,30,12),
(1647,4,31,12),
(1648,4,32,12),
(1649,4,33,7.5),
(1650,4,34,10.5),
(1651,4,35,12),
(1652,4,36,9),
(1653,4,37,12),
(1654,4,38,12),
(1655,4,39,12),
(1656,4,40,10.5),
(1657,4,41,12),
(1658,4,42,9),
(1659,4,43,12),
(1660,4,44,9),
(1661,4,45,10.5),
(1662,4,46,12),
(1663,4,47,7.5),
(1664,4,48,12),
(1665,4,49,12),
(1666,4,50,6),
(1667,4,51,7.5),
(1668,4,52,10.5),
(1669,4,53,9),
(1670,4,54,7.5),
(1671,4,55,9),
(1672,4,56,10.5),
(1673,4,57,6),
(1674,4,58,7.5),
(1675,4,59,9),
(1676,4,60,6),
(1677,4,61,9),
(1678,4,62,10.5),
(1679,4,63,10.5),
(1680,4,64,6),
(1681,4,65,7.5),
(1682,4,66,7.5),
(1683,4,67,6),
(1684,4,68,9),
(1685,4,69,9),
(1686,4,70,9),
(1687,4,71,7.5),
(1688,4,72,10.5),
(1689,4,73,12),
(1690,4,74,6),
(1691,4,75,9),
(1692,4,76,7.5),
(1693,4,77,6),
(1694,4,78,7.5),
(1695,4,79,6),
(1696,4,80,7.5),
(1697,4,81,10.5),
(1698,4,82,10.5),
(1699,4,83,6),
(1700,4,84,9),
(1701,4,85,6),
(1702,5,1,7.5),
(1703,5,2,12),
(1704,5,3,12),
(1705,5,4,9),
(1706,5,5,7.5),
(1707,5,6,12),
(1708,5,7,10.5),
(1709,5,8,12),
(1710,5,9,12),
(1711,5,10,12),
(1712,5,11,9),
(1713,5,12,9),
(1714,5,13,9),
(1715,5,14,10.5),
(1716,5,15,10.5),
(1717,5,16,9),
(1718,5,17,9),
(1719,5,18,9),
(1720,5,19,9),
(1721,5,20,9),
(1722,5,21,9),
(1723,5,22,12),
(1724,5,23,9),
(1725,5,24,9),
(1726,5,25,10.5),
(1727,5,26,9),
(1728,5,27,9),
(1729,5,28,12),
(1730,5,29,10.5),
(1731,5,30,12),
(1732,5,31,12),
(1733,5,32,12),
(1734,5,33,10.5),
(1735,5,34,10.5),
(1736,5,35,12),
(1737,5,36,12),
(1738,5,37,12),
(1739,5,38,12),
(1740,5,39,9),
(1741,5,40,10.5),
(1742,5,41,12),
(1743,5,42,12),
(1744,5,43,12),
(1745,5,44,10.5),
(1746,5,45,10.5),
(1747,5,46,10.5),
(1748,5,47,10.5),
(1749,5,48,12),
(1750,5,49,10.5),
(1751,5,50,9),
(1752,5,51,9),
(1753,5,52,9),
(1754,5,53,12),
(1755,5,54,12),
(1756,5,55,12),
(1757,5,56,12),
(1758,5,57,10.5),
(1759,5,58,9),
(1760,5,59,10.5),
(1761,5,60,10.5),
(1762,5,61,10.5),
(1763,5,62,9),
(1764,5,63,12),
(1765,5,64,9),
(1766,5,65,12),
(1767,5,66,9),
(1768,5,67,10.5),
(1769,5,68,12),
(1770,5,69,12),
(1771,5,70,12),
(1772,5,71,12),
(1773,5,72,12),
(1774,5,73,12),
(1775,5,74,12),
(1776,5,75,12),
(1777,5,76,12),
(1778,5,77,12),
(1779,5,78,12),
(1780,5,79,10.5),
(1781,5,80,12),
(1782,5,81,12),
(1783,5,82,12),
(1784,5,83,9),
(1785,5,84,12),
(1786,5,85,12),
(1787,6,1,10.5),
(1788,6,2,7.5),
(1789,6,3,7.5),
(1790,6,4,9),
(1791,6,5,7.5),
(1792,6,6,7.5),
(1793,6,7,10.5),
(1794,6,8,7.5),
(1795,6,9,7.5),
(1796,6,10,10.5),
(1797,6,11,10.5),
(1798,6,12,10.5),
(1799,6,13,10.5),
(1800,6,14,10.5),
(1801,6,15,10.5),
(1802,6,16,10.5),
(1803,6,17,10.5),
(1804,6,18,10.5),
(1805,6,19,10.5),
(1806,6,20,10.5),
(1807,6,21,10.5),
(1808,6,22,12),
(1809,6,23,10.5),
(1810,6,24,10.5),
(1811,6,25,10.5),
(1812,6,26,10.5),
(1813,6,27,10.5),
(1814,6,28,7.5),
(1815,6,29,7.5),
(1816,6,30,9),
(1817,6,31,12),
(1818,6,32,12),
(1819,6,33,10.5),
(1820,6,34,10.5),
(1821,6,35,10.5),
(1822,6,36,10.5),
(1823,6,37,10.5),
(1824,6,38,10.5),
(1825,6,39,10.5),
(1826,6,40,10.5),
(1827,6,41,10.5),
(1828,6,42,10.5),
(1829,6,43,10.5),
(1830,6,44,10.5),
(1831,6,45,10.5),
(1832,6,46,10.5),
(1833,6,47,10.5),
(1834,6,48,10.5),
(1835,6,49,10.5),
(1836,6,50,10.5),
(1837,6,51,10.5),
(1838,6,52,10.5),
(1839,6,53,7.5),
(1840,6,54,7.5),
(1841,6,55,7.5),
(1842,6,56,7.5),
(1843,6,57,7.5),
(1844,6,58,10.5),
(1845,6,59,10.5),
(1846,6,60,10.5),
(1847,6,61,10.5),
(1848,6,62,10.5),
(1849,6,63,7.5),
(1850,6,64,10.5),
(1851,6,65,7.5),
(1852,6,66,10.5),
(1853,6,67,7.5),
(1854,6,68,7.5),
(1855,6,69,7.5),
(1856,6,70,7.5),
(1857,6,71,7.5),
(1858,6,72,7.5),
(1859,6,73,7.5),
(1860,6,74,7.5),
(1861,6,75,7.5),
(1862,6,76,7.5),
(1863,6,77,7.5),
(1864,6,78,7.5),
(1865,6,79,7.5),
(1866,6,80,7.5),
(1867,6,81,7.5),
(1868,6,82,10.5),
(1869,6,83,10.5),
(1870,6,84,10.5),
(1871,6,85,7.5),
(1872,7,1,3),
(1873,7,2,3.5),
(1874,7,3,3.5),
(1875,7,4,3.5),
(1876,7,5,3),
(1877,7,6,2.5),
(1878,7,7,2.5),
(1879,7,8,3.5),
(1880,7,9,3.5),
(1881,7,10,4),
(1882,7,11,4),
(1883,7,12,3.5),
(1884,7,13,3.5),
(1885,7,14,3.5),
(1886,7,15,3.5),
(1887,7,16,3),
(1888,7,17,3),
(1889,7,18,3.5),
(1890,7,19,3.5),
(1891,7,20,3.5),
(1892,7,21,3),
(1893,7,22,4),
(1894,7,23,3.5),
(1895,7,24,3.5),
(1896,7,25,4),
(1897,7,26,3.5),
(1898,7,27,2),
(1899,7,28,3.5),
(1900,7,29,3),
(1901,7,30,3.5),
(1902,7,31,3.5),
(1903,7,32,3.5),
(1904,7,33,3.5),
(1905,7,34,3.5),
(1906,7,35,3),
(1907,7,36,2),
(1908,7,37,3.5),
(1909,7,38,4),
(1910,7,39,3),
(1911,7,40,3.5),
(1912,7,41,3.5),
(1913,7,42,3.5),
(1914,7,43,3.5),
(1915,7,44,4),
(1916,7,45,3.5),
(1917,7,46,2),
(1918,7,47,3),
(1919,7,48,3.5),
(1920,7,49,3.5),
(1921,7,50,1),
(1922,7,51,3.5),
(1923,7,52,3),
(1924,7,53,3.5),
(1925,7,54,4),
(1926,7,55,3.5),
(1927,7,56,3.5),
(1928,7,57,4),
(1929,7,58,4),
(1930,7,59,2.5),
(1931,7,60,3.5),
(1932,7,61,2.5),
(1933,7,62,4),
(1934,7,63,4),
(1935,7,64,4),
(1936,7,65,4),
(1937,7,66,3.5),
(1938,7,67,3.5),
(1939,7,68,4),
(1940,7,69,3.5),
(1941,7,70,3.5),
(1942,7,71,3.5),
(1943,7,72,3.5),
(1944,7,73,3.5),
(1945,7,74,3.5),
(1946,7,75,3.5),
(1947,7,76,3.5),
(1948,7,77,4),
(1949,7,78,3.5),
(1950,7,79,3.5),
(1951,7,80,4),
(1952,7,81,3.5),
(1953,7,82,3),
(1954,7,83,2),
(1955,7,84,3.5),
(1956,7,85,3.5),
(1957,8,1,10.5),
(1958,8,2,10.5),
(1959,8,3,10.5),
(1960,8,4,10.5),
(1961,8,5,10.5),
(1962,8,6,12),
(1963,8,7,12),
(1964,8,8,12),
(1965,8,9,10.5),
(1966,8,10,12),
(1967,8,11,12),
(1968,8,12,12),
(1969,8,13,10.5),
(1970,8,14,10.5),
(1971,8,15,12),
(1972,8,16,12),
(1973,8,17,9),
(1974,8,18,12),
(1975,8,19,12),
(1976,8,20,10.5),
(1977,8,21,12),
(1978,8,22,12),
(1979,8,23,12),
(1980,8,24,10.5),
(1981,8,25,10.5),
(1982,8,26,12),
(1983,8,27,10.5),
(1984,8,28,12),
(1985,8,29,12),
(1986,8,30,10.5),
(1987,8,31,12),
(1988,8,32,12),
(1989,8,33,12),
(1990,8,34,12),
(1991,8,35,10.5),
(1992,8,36,10.5),
(1993,8,37,12),
(1994,8,38,12),
(1995,8,39,10.5),
(1996,8,40,10.5),
(1997,8,41,12),
(1998,8,42,10.5),
(1999,8,43,12),
(2000,8,44,10.5),
(2001,8,45,12),
(2002,8,46,12),
(2003,8,47,12),
(2004,8,48,12),
(2005,8,49,10.5),
(2006,8,50,10.5),
(2007,8,51,10.5),
(2008,8,52,12),
(2009,8,53,12),
(2010,8,54,12),
(2011,8,55,12),
(2012,8,56,12),
(2013,8,57,10.5),
(2014,8,58,10.5),
(2015,8,59,12),
(2016,8,60,12),
(2017,8,61,10.5),
(2018,8,62,12),
(2019,8,63,10.5),
(2020,8,64,12),
(2021,8,65,12),
(2022,8,66,10.5),
(2023,8,67,10.5),
(2024,8,68,12),
(2025,8,69,10.5),
(2026,8,70,10.5),
(2027,8,71,12),
(2028,8,72,12),
(2029,8,73,12),
(2030,8,74,12),
(2031,8,75,10.5),
(2032,8,76,12),
(2033,8,77,10.5),
(2034,8,78,12),
(2035,8,79,10.5),
(2036,8,80,10.5),
(2037,8,81,10.5),
(2038,8,82,12),
(2039,8,83,10.5),
(2040,8,84,10.5),
(2041,8,85,10.5),
(2042,9,1,8),
(2043,9,2,8),
(2044,9,3,8),
(2045,9,4,7),
(2046,9,5,8),
(2047,9,6,8),
(2048,9,7,8),
(2049,9,8,8),
(2050,9,9,7),
(2051,9,10,8),
(2052,9,11,8),
(2053,9,12,8),
(2054,9,13,7),
(2055,9,14,8),
(2056,9,15,8),
(2057,9,16,8),
(2058,9,17,7),
(2059,9,18,7),
(2060,9,19,8),
(2061,9,20,8),
(2062,9,21,7),
(2063,9,22,8),
(2064,9,23,8),
(2065,9,24,7),
(2066,9,25,8),
(2067,9,26,8),
(2068,9,27,7),
(2069,9,28,8),
(2070,9,29,8),
(2071,9,30,8),
(2072,9,31,8),
(2073,9,32,8),
(2074,9,33,7),
(2075,9,34,8),
(2076,9,35,8),
(2077,9,36,8),
(2078,9,37,8),
(2079,9,38,8),
(2080,9,39,8),
(2081,9,40,8),
(2082,9,41,8),
(2083,9,42,8),
(2084,9,43,8),
(2085,9,44,7),
(2086,9,45,8),
(2087,9,46,8),
(2088,9,47,8),
(2089,9,48,8),
(2090,9,49,7),
(2091,9,50,7),
(2092,9,51,8),
(2093,9,52,8),
(2094,9,53,8),
(2095,9,54,8),
(2096,9,55,8),
(2097,9,56,8),
(2098,9,57,8),
(2099,9,58,7),
(2100,9,59,7),
(2101,9,60,8),
(2102,9,61,8),
(2103,9,62,8),
(2104,9,63,8),
(2105,9,64,8),
(2106,9,65,8),
(2107,9,66,8),
(2108,9,67,7),
(2109,9,68,7),
(2110,9,69,8),
(2111,9,70,7),
(2112,9,71,8),
(2113,9,72,8),
(2114,9,73,8),
(2115,9,74,8),
(2116,9,75,8),
(2117,9,76,8),
(2118,9,77,8),
(2119,9,78,8),
(2120,9,79,8),
(2121,9,80,8),
(2122,9,81,8),
(2123,9,82,8),
(2124,9,83,7),
(2125,9,84,8),
(2126,9,85,8),
(2127,10,1,12),
(2128,10,2,12),
(2129,10,3,10.5),
(2130,10,4,12),
(2131,10,5,10.5),
(2132,10,6,10.5),
(2133,10,7,12),
(2134,10,8,10.5),
(2135,10,9,12),
(2136,10,10,12),
(2137,10,11,10.5),
(2138,10,12,12),
(2139,10,13,10.5),
(2140,10,14,10.5),
(2141,10,15,12),
(2142,10,16,12),
(2143,10,17,12),
(2144,10,18,12),
(2145,10,19,12),
(2146,10,20,10.5),
(2147,10,21,12),
(2148,10,22,12),
(2149,10,23,10.5),
(2150,10,24,10.5),
(2151,10,25,10.5),
(2152,10,26,12),
(2153,10,27,10.5),
(2154,10,28,12),
(2155,10,29,10.5),
(2156,10,30,12),
(2157,10,31,12),
(2158,10,32,12),
(2159,10,33,12),
(2160,10,34,12),
(2161,10,35,12),
(2162,10,36,12),
(2163,10,37,10.5),
(2164,10,38,10.5),
(2165,10,39,10.5),
(2166,10,40,10.5),
(2167,10,41,12),
(2168,10,42,12),
(2169,10,43,12),
(2170,10,44,9),
(2171,10,45,9),
(2172,10,46,9),
(2173,10,47,12),
(2174,10,48,12),
(2175,10,49,10.5),
(2176,10,50,10.5),
(2177,10,51,10.5),
(2178,10,52,10.5),
(2179,10,53,10.5),
(2180,10,54,10.5),
(2181,10,55,12),
(2182,10,56,12),
(2183,10,57,12),
(2184,10,58,12),
(2185,10,59,9),
(2186,10,60,10.5),
(2187,10,61,9),
(2188,10,62,12),
(2189,10,63,12),
(2190,10,64,10.5),
(2191,10,65,10.5),
(2192,10,66,12),
(2193,10,67,12),
(2194,10,68,10.5),
(2195,10,69,9),
(2196,10,70,9),
(2197,10,71,12),
(2198,10,72,10.5),
(2199,10,73,12),
(2200,10,74,9),
(2201,10,75,9),
(2202,10,76,9),
(2203,10,77,9),
(2204,10,78,9),
(2205,10,79,9),
(2206,10,80,10.5),
(2207,10,81,10.5),
(2208,10,82,10.5),
(2209,10,83,10.5),
(2210,10,84,9),
(2211,10,85,7.5),
(2212,11,1,10.5),
(2213,11,2,9),
(2214,11,3,10.5),
(2215,11,4,10.5),
(2216,11,5,7.5),
(2217,11,6,12),
(2218,11,7,10.5),
(2219,11,8,9),
(2220,11,9,9),
(2221,11,10,12),
(2222,11,11,12),
(2223,11,12,12),
(2224,11,13,12),
(2225,11,14,12),
(2226,11,15,12),
(2227,11,16,12),
(2228,11,17,12),
(2229,11,18,12),
(2230,11,19,12),
(2231,11,20,12),
(2232,11,21,12),
(2233,11,22,12),
(2234,11,23,10.5),
(2235,11,24,12),
(2236,11,25,12),
(2237,11,26,12),
(2238,11,27,12),
(2239,11,28,10.5),
(2240,11,29,9),
(2241,11,30,10.5),
(2242,11,31,12),
(2243,11,32,12),
(2244,11,33,10.5),
(2245,11,34,10.5),
(2246,11,35,12),
(2247,11,36,10.5),
(2248,11,37,12),
(2249,11,38,12),
(2250,11,39,12),
(2251,11,40,10.5),
(2252,11,41,12),
(2253,11,42,10.5),
(2254,11,43,12),
(2255,11,44,10.5),
(2256,11,45,12),
(2257,11,46,10.5),
(2258,11,47,12),
(2259,11,48,12),
(2260,11,49,12),
(2261,11,50,12),
(2262,11,51,12),
(2263,11,52,12),
(2264,11,53,10.5),
(2265,11,54,10.5),
(2266,11,55,10.5),
(2267,11,56,12),
(2268,11,57,9),
(2269,11,58,12),
(2270,11,59,12),
(2271,11,60,12),
(2272,11,61,12),
(2273,11,62,12),
(2274,11,63,10.5),
(2275,11,64,7.5),
(2276,11,65,10.5),
(2277,11,66,12),
(2278,11,67,9),
(2279,11,68,9),
(2280,11,69,9),
(2281,11,70,7.5),
(2282,11,71,9),
(2283,11,72,7.5),
(2284,11,73,9),
(2285,11,74,7.5),
(2286,11,75,6),
(2287,11,76,9),
(2288,11,77,6),
(2289,11,78,10.5),
(2290,11,79,7.5),
(2291,11,80,10.5),
(2292,11,81,7.5),
(2293,11,82,10.5),
(2294,11,83,10.5),
(2295,11,84,10.5),
(2296,11,85,7.5),
(2297,12,1,10.5),
(2298,12,2,10.5),
(2299,12,3,10.5),
(2300,12,4,10.5),
(2301,12,5,9),
(2302,12,6,12),
(2303,12,7,10.5),
(2304,12,8,10.5),
(2305,12,9,10.5),
(2306,12,10,12),
(2307,12,11,12),
(2308,12,12,10.5),
(2309,12,13,10.5),
(2310,12,14,9),
(2311,12,15,10.5),
(2312,12,16,9),
(2313,12,17,10.5),
(2314,12,18,10.5),
(2315,12,19,9),
(2316,12,20,10.5),
(2317,12,21,9),
(2318,12,22,12),
(2319,12,23,10.5),
(2320,12,24,10.5),
(2321,12,25,10.5),
(2322,12,26,10.5),
(2323,12,27,10.5),
(2324,12,28,12),
(2325,12,29,10.5),
(2326,12,30,10.5),
(2327,12,31,12),
(2328,12,32,12),
(2329,12,33,10.5),
(2330,12,34,10.5),
(2331,12,35,10.5),
(2332,12,36,10.5),
(2333,12,37,12),
(2334,12,38,12),
(2335,12,39,10.5),
(2336,12,40,10.5),
(2337,12,41,12),
(2338,12,42,10.5),
(2339,12,43,10.5),
(2340,12,44,10.5),
(2341,12,45,12),
(2342,12,46,12),
(2343,12,47,10.5),
(2344,12,48,12),
(2345,12,49,10.5),
(2346,12,50,10.5),
(2347,12,51,10.5),
(2348,12,52,10.5),
(2349,12,53,12),
(2350,12,54,10.5),
(2351,12,55,10.5),
(2352,12,56,12),
(2353,12,57,12),
(2354,12,58,12),
(2355,12,59,10.5),
(2356,12,60,12),
(2357,12,61,10.5),
(2358,12,62,10.5),
(2359,12,63,12),
(2360,12,64,10.5),
(2361,12,65,10.5),
(2362,12,66,10.5),
(2363,12,67,12),
(2364,12,68,10.5),
(2365,12,69,10.5),
(2366,12,70,9),
(2367,12,71,12),
(2368,12,72,12),
(2369,12,73,12),
(2370,12,74,10.5),
(2371,12,75,12),
(2372,12,76,12),
(2373,12,77,12),
(2374,12,78,10.5),
(2375,12,79,10.5),
(2376,12,80,9),
(2377,12,81,9),
(2378,12,82,12),
(2379,12,83,10.5),
(2380,12,84,10.5),
(2381,12,85,9),
(2382,13,1,7.5),
(2383,13,2,7.5),
(2384,13,3,7.5),
(2385,13,4,10.5),
(2386,13,5,7.5),
(2387,13,6,12),
(2388,13,7,12),
(2389,13,8,9),
(2390,13,9,7.5),
(2391,13,10,10.5),
(2392,13,11,12),
(2393,13,12,7.5),
(2394,13,13,7.5),
(2395,13,14,12),
(2396,13,15,10.5),
(2397,13,16,10.5),
(2398,13,17,3),
(2399,13,18,9),
(2400,13,19,6),
(2401,13,20,9),
(2402,13,21,7.5),
(2403,13,22,12),
(2404,13,23,9),
(2405,13,24,7.5),
(2406,13,25,10.5),
(2407,13,26,10.5),
(2408,13,27,10.5),
(2409,13,28,10.5),
(2410,13,29,9),
(2411,13,30,9),
(2412,13,31,12),
(2413,13,32,10.5),
(2414,13,33,10.5),
(2415,13,34,9),
(2416,13,35,10.5),
(2417,13,36,10.5),
(2418,13,37,10.5),
(2419,13,38,10.5),
(2420,13,39,10.5),
(2421,13,40,9),
(2422,13,41,12),
(2423,13,42,10.5),
(2424,13,43,12),
(2425,13,44,7.5),
(2426,13,45,12),
(2427,13,46,12),
(2428,13,47,10.5),
(2429,13,48,12),
(2430,13,49,10.5),
(2431,13,50,9),
(2432,13,51,12),
(2433,13,52,10.5),
(2434,13,53,10.5),
(2435,13,54,9),
(2436,13,55,10.5),
(2437,13,56,10.5),
(2438,13,57,9),
(2439,13,58,9),
(2440,13,59,9),
(2441,13,60,10.5),
(2442,13,61,12),
(2443,13,62,10.5),
(2444,13,63,10.5),
(2445,13,64,7.5),
(2446,13,65,10.5),
(2447,13,66,6),
(2448,13,67,9),
(2449,13,68,10.5),
(2450,13,69,9),
(2451,13,70,6),
(2452,13,71,9),
(2453,13,72,10.5),
(2454,13,73,10.5),
(2455,13,74,10.5),
(2456,13,75,9),
(2457,13,76,10.5),
(2458,13,77,9),
(2459,13,78,10.5),
(2460,13,79,10.5),
(2461,13,80,10.5),
(2462,13,81,10.5),
(2463,13,82,10.5),
(2464,13,83,6),
(2465,13,84,10.5),
(2466,13,85,10.5),
(2467,14,1,7.5),
(2468,14,2,7.5),
(2469,14,3,7.5),
(2470,14,4,10.5),
(2471,14,5,7.5),
(2472,14,6,12),
(2473,14,7,12),
(2474,14,8,9),
(2475,14,9,7.5),
(2476,14,10,10.5),
(2477,14,11,12),
(2478,14,12,7.5),
(2479,14,13,7.5),
(2480,14,14,12),
(2481,14,15,10.5),
(2482,14,16,10.5),
(2483,14,17,3),
(2484,14,18,9),
(2485,14,19,6),
(2486,14,20,9),
(2487,14,21,7.5),
(2488,14,22,12),
(2489,14,23,9),
(2490,14,24,7.5),
(2491,14,25,10.5),
(2492,14,26,10.5),
(2493,14,27,10.5),
(2494,14,28,10.5),
(2495,14,29,9),
(2496,14,30,9),
(2497,14,31,12),
(2498,14,32,10.5),
(2499,14,33,10.5),
(2500,14,34,9),
(2501,14,35,10.5),
(2502,14,36,10.5),
(2503,14,37,10.5),
(2504,14,38,10.5),
(2505,14,39,10.5),
(2506,14,40,9),
(2507,14,41,12),
(2508,14,42,10.5),
(2509,14,43,12),
(2510,14,44,7.5),
(2511,14,45,12),
(2512,14,46,12),
(2513,14,47,10.5),
(2514,14,48,12),
(2515,14,49,10.5),
(2516,14,50,9),
(2517,14,51,12),
(2518,14,52,10.5),
(2519,14,53,10.5),
(2520,14,54,9),
(2521,14,55,10.5),
(2522,14,56,10.5),
(2523,14,57,9),
(2524,14,58,9),
(2525,14,59,9),
(2526,14,60,10.5),
(2527,14,61,12),
(2528,14,62,10.5),
(2529,14,63,10.5),
(2530,14,64,7.5),
(2531,14,65,10.5),
(2532,14,66,6),
(2533,14,67,9),
(2534,14,68,10.5),
(2535,14,69,9),
(2536,14,70,6),
(2537,14,71,9),
(2538,14,72,10.5),
(2539,14,73,10.5),
(2540,14,74,10.5),
(2541,14,75,9),
(2542,14,76,10.5),
(2543,14,77,9),
(2544,14,78,10.5),
(2545,14,79,10.5),
(2546,14,80,10.5),
(2547,14,81,10.5),
(2548,14,82,10.5),
(2549,14,83,6),
(2550,14,84,10.5),
(2551,14,85,10.5),
(2552,15,1,3),
(2553,15,2,3.5),
(2554,15,3,4),
(2555,15,4,2.5),
(2556,15,5,3),
(2557,15,6,4),
(2558,15,7,4),
(2559,15,8,3.5),
(2560,15,9,3.5),
(2561,15,10,4),
(2562,15,11,3.5),
(2563,15,12,4),
(2564,15,13,3.5),
(2565,15,14,3.5),
(2566,15,15,4),
(2567,15,16,3),
(2568,15,17,3),
(2569,15,18,4),
(2570,15,19,4),
(2571,15,20,4),
(2572,15,21,4),
(2573,15,22,4),
(2574,15,23,4),
(2575,15,24,4),
(2576,15,25,3.5),
(2577,15,26,4),
(2578,15,27,4),
(2579,15,28,4),
(2580,15,29,3),
(2581,15,30,2.5),
(2582,15,31,3),
(2583,15,32,4),
(2584,15,33,3.5),
(2585,15,34,2.5),
(2586,15,35,3),
(2587,15,36,2.5),
(2588,15,37,4),
(2589,15,38,4),
(2590,15,39,4),
(2591,15,40,4),
(2592,15,41,4),
(2593,15,42,4),
(2594,15,43,4),
(2595,15,44,3.5),
(2596,15,45,4),
(2597,15,46,4),
(2598,15,47,4),
(2599,15,48,4),
(2600,15,49,4),
(2601,15,50,3),
(2602,15,51,3.5),
(2603,15,52,3.5),
(2604,15,53,4),
(2605,15,54,3),
(2606,15,55,4),
(2607,15,56,3.5),
(2608,15,57,3.5),
(2609,15,58,4),
(2610,15,59,4),
(2611,15,60,3.5),
(2612,15,61,4),
(2613,15,62,4),
(2614,15,63,4),
(2615,15,64,2.5),
(2616,15,65,4),
(2617,15,66,4),
(2618,15,67,4),
(2619,15,68,4),
(2620,15,69,3),
(2621,15,70,3.5),
(2622,15,71,3.5),
(2623,15,72,4),
(2624,15,73,4),
(2625,15,74,3),
(2626,15,75,4),
(2627,15,76,4),
(2628,15,77,2.5),
(2629,15,78,4),
(2630,15,79,3),
(2631,15,80,4),
(2632,15,81,3.5),
(2633,15,82,4),
(2634,15,83,3),
(2635,15,84,4),
(2636,15,85,3);

/*Table structure for table `priv` */

DROP TABLE IF EXISTS `priv`;

CREATE TABLE `priv` (
  `id_priv` int(3) NOT NULL,
  `n_priv` varchar(10) DEFAULT NULL,
  PRIMARY KEY (`id_priv`)
) ENGINE=InnoDB DEFAULT CHARSET=latin1;

/*Data for the table `priv` */

insert  into `priv`(`id_priv`,`n_priv`) values 
(1,'admin'),
(2,'mahasiswa'),
(3,'dosen'),
(4,'kaprodi');

/*!40101 SET SQL_MODE=@OLD_SQL_MODE */;
/*!40014 SET FOREIGN_KEY_CHECKS=@OLD_FOREIGN_KEY_CHECKS */;
/*!40014 SET UNIQUE_CHECKS=@OLD_UNIQUE_CHECKS */;
/*!40111 SET SQL_NOTES=@OLD_SQL_NOTES */;
